-- MySQL dump 10.13  Distrib 8.0.22, for Win64 (x86_64)
--
-- Host: localhost    Database: vk
-- ------------------------------------------------------
-- Server version	8.0.22

/*!40101 SET @OLD_CHARACTER_SET_CLIENT=@@CHARACTER_SET_CLIENT */;
/*!40101 SET @OLD_CHARACTER_SET_RESULTS=@@CHARACTER_SET_RESULTS */;
/*!40101 SET @OLD_COLLATION_CONNECTION=@@COLLATION_CONNECTION */;
/*!50503 SET NAMES utf8mb4 */;
/*!40103 SET @OLD_TIME_ZONE=@@TIME_ZONE */;
/*!40103 SET TIME_ZONE='+00:00' */;
/*!40014 SET @OLD_UNIQUE_CHECKS=@@UNIQUE_CHECKS, UNIQUE_CHECKS=0 */;
/*!40014 SET @OLD_FOREIGN_KEY_CHECKS=@@FOREIGN_KEY_CHECKS, FOREIGN_KEY_CHECKS=0 */;
/*!40101 SET @OLD_SQL_MODE=@@SQL_MODE, SQL_MODE='NO_AUTO_VALUE_ON_ZERO' */;
/*!40111 SET @OLD_SQL_NOTES=@@SQL_NOTES, SQL_NOTES=0 */;

--
-- Table structure for table `communities`
--

DROP TABLE IF EXISTS `communities`;
/*!40101 SET @saved_cs_client     = @@character_set_client */;
/*!50503 SET character_set_client = utf8mb4 */;
CREATE TABLE `communities` (
  `id` int unsigned NOT NULL AUTO_INCREMENT COMMENT 'Идентификатор сроки',
  `name` varchar(150) CHARACTER SET utf8 COLLATE utf8_unicode_ci NOT NULL COMMENT 'Название группы',
  `created_at` datetime DEFAULT CURRENT_TIMESTAMP COMMENT 'Время создания строки',
  `updated_at` datetime DEFAULT CURRENT_TIMESTAMP ON UPDATE CURRENT_TIMESTAMP COMMENT 'Время обновления строки',
  PRIMARY KEY (`id`),
  UNIQUE KEY `name` (`name`)
) ENGINE=InnoDB AUTO_INCREMENT=101 DEFAULT CHARSET=utf8 COLLATE=utf8_unicode_ci COMMENT='Группы';
/*!40101 SET character_set_client = @saved_cs_client */;

--
-- Dumping data for table `communities`
--

LOCK TABLES `communities` WRITE;
/*!40000 ALTER TABLE `communities` DISABLE KEYS */;
INSERT INTO `communities` VALUES (1,'earum','1977-09-10 06:54:00','2013-08-02 05:05:17'),(2,'itaque','1979-08-26 13:07:23','1994-03-11 18:53:51'),(3,'maiores','2016-09-24 08:02:26','1978-01-14 08:32:14'),(4,'nam','1972-09-13 03:26:53','1973-01-21 14:09:40'),(5,'illum','1983-07-14 17:35:00','1989-10-08 21:20:58'),(6,'similique','1974-07-01 07:32:59','2012-04-04 12:15:40'),(7,'sit','1993-11-25 22:11:25','2005-01-25 00:56:00'),(8,'eligendi','1976-06-21 04:49:49','2015-02-09 11:58:32'),(9,'ea','1977-05-03 09:35:50','1993-10-23 16:37:28'),(10,'non','1987-05-25 10:35:47','2004-02-29 23:34:21'),(11,'aspernatur','2001-02-03 18:06:41','1997-01-04 08:48:34'),(12,'odit','2010-02-06 07:08:00','1989-10-29 22:07:30'),(13,'quia','2008-07-29 13:20:06','1981-02-26 09:40:16'),(14,'necessitatibus','2010-11-16 17:36:13','1971-09-12 04:37:03'),(15,'et','2008-05-04 14:19:24','2017-03-30 20:13:11'),(16,'explicabo','2015-02-24 17:46:04','2004-09-29 21:32:23'),(17,'autem','1988-02-01 13:41:40','1983-10-23 23:58:55'),(18,'rerum','1999-06-28 09:44:46','1981-08-24 09:30:12'),(19,'voluptatem','1975-01-16 08:44:27','1970-07-15 11:14:26'),(20,'in','2017-12-05 08:48:12','1985-02-05 21:35:03'),(21,'ab','1986-07-08 12:50:07','2018-05-01 20:29:36'),(22,'est','2005-09-08 22:18:28','2005-08-12 20:13:30'),(23,'doloribus','1972-11-04 21:29:34','1975-01-08 17:04:10'),(24,'dolorum','1974-09-11 21:19:47','1986-04-29 14:48:31'),(25,'sunt','1980-05-28 01:39:32','2018-09-19 17:42:47'),(26,'nemo','1975-04-08 16:23:14','2017-12-25 05:10:27'),(27,'quos','1980-04-06 08:59:43','2014-06-12 12:40:56'),(28,'dolorem','1987-04-04 02:46:48','1982-06-14 08:11:35'),(29,'excepturi','2020-01-30 08:32:38','2001-12-18 11:48:22'),(30,'exercitationem','1993-09-06 19:40:20','2009-08-03 09:51:48'),(31,'quae','1971-09-07 12:49:21','2001-09-29 15:51:37'),(32,'veritatis','1971-05-11 17:13:03','1997-10-09 02:59:52'),(33,'voluptas','1992-11-03 08:59:24','1978-04-22 10:23:05'),(34,'laboriosam','2018-06-07 20:27:32','1993-05-05 09:49:53'),(35,'ipsum','1978-07-06 01:20:43','2007-06-22 15:38:29'),(36,'neque','2004-01-31 03:19:51','2019-10-04 01:54:59'),(37,'aut','2001-05-28 00:15:31','2016-06-29 08:02:05'),(38,'quaerat','1992-06-10 23:16:21','1981-01-03 20:33:27'),(39,'accusantium','1981-11-30 05:51:02','1970-07-09 03:50:08'),(40,'omnis','1988-03-27 04:32:44','1980-08-21 19:31:21'),(41,'perspiciatis','2007-04-29 23:59:54','1971-11-10 06:55:48'),(42,'facilis','2004-10-21 09:56:52','1995-01-06 00:48:09'),(43,'ipsam','1996-05-04 21:23:04','1975-08-27 19:39:45'),(44,'qui','2019-02-05 09:22:20','2000-08-26 18:42:13'),(45,'modi','1994-03-28 13:31:50','2019-12-20 02:43:47'),(46,'nulla','1989-11-28 11:28:52','2014-11-25 02:59:35'),(47,'molestiae','2014-06-15 22:47:01','1971-11-23 15:15:24'),(48,'vel','1972-04-27 12:46:03','2013-03-09 15:30:48'),(49,'deleniti','2012-01-13 03:21:30','2009-09-09 22:12:52'),(50,'unde','2012-05-29 19:58:23','1994-03-30 07:21:29'),(51,'sapiente','1983-05-22 17:35:58','2011-11-15 01:47:27'),(52,'eos','2013-03-30 14:56:41','2004-03-15 13:36:45'),(53,'debitis','1987-09-15 04:11:39','2013-07-15 19:41:40'),(54,'nesciunt','2017-04-05 12:50:47','2006-03-21 20:30:29'),(55,'natus','1986-08-30 22:55:32','1972-03-16 00:59:56'),(56,'officiis','1973-12-07 00:58:58','1980-04-11 02:58:55'),(57,'ad','1983-04-21 22:33:15','2006-06-30 23:40:22'),(58,'expedita','1974-08-25 23:01:20','1991-03-02 03:04:43'),(59,'iusto','2001-09-29 18:38:22','2012-01-07 13:38:02'),(60,'veniam','2009-11-21 18:07:07','2008-06-01 18:17:23'),(61,'nostrum','1971-05-28 18:50:46','1999-04-05 18:56:35'),(62,'possimus','1987-08-23 03:02:00','1987-12-30 06:56:27'),(63,'aliquam','2009-08-08 09:22:30','1978-01-16 06:41:04'),(64,'magnam','2012-07-02 02:40:51','1996-04-16 01:44:52'),(65,'inventore','1994-03-02 17:01:27','1998-05-31 21:07:20'),(66,'assumenda','1973-10-08 19:30:59','1975-01-10 12:33:09'),(67,'consequuntur','1973-11-01 05:20:38','2007-12-22 18:15:24'),(68,'repellat','2016-04-27 12:54:14','1982-10-03 09:10:41'),(69,'laborum','2018-11-03 12:01:19','2012-07-09 17:52:19'),(70,'officia','1988-12-24 13:05:30','2002-01-07 22:30:56'),(71,'ut','1979-05-20 02:21:29','2009-11-29 15:52:10'),(72,'cum','1975-12-19 10:37:28','1976-04-24 06:41:09'),(73,'velit','1979-02-28 10:54:47','1982-09-03 13:34:33'),(74,'ducimus','1973-12-17 14:54:36','1979-01-04 22:35:40'),(75,'architecto','2008-05-09 11:13:57','2006-12-01 00:15:37'),(76,'numquam','2005-05-14 04:11:39','1995-05-09 15:31:10'),(77,'provident','1995-03-20 07:59:08','2006-07-12 17:16:44'),(78,'ipsa','1994-09-18 09:18:58','1999-11-03 06:27:44'),(79,'esse','2005-11-12 18:35:28','1988-05-21 07:30:17'),(80,'laudantium','1995-09-12 08:57:29','2013-06-09 14:08:54'),(81,'fuga','2001-08-27 15:46:09','1994-05-23 22:03:28'),(82,'voluptate','1977-11-08 13:14:34','2020-03-31 01:09:00'),(83,'nihil','1991-10-05 21:05:26','2016-02-08 11:26:20'),(84,'tenetur','1970-09-12 06:04:30','2011-03-30 01:55:29'),(85,'adipisci','2013-12-11 18:40:31','2008-11-10 17:45:39'),(86,'sint','2014-05-26 06:15:51','1976-01-05 12:18:17'),(87,'perferendis','2014-06-22 17:11:19','1990-09-16 14:21:46'),(88,'distinctio','1984-08-26 20:55:55','1980-08-27 15:43:00'),(89,'minima','2001-10-20 11:56:37','1971-01-11 10:30:38'),(90,'totam','1982-05-11 14:20:29','1980-10-13 22:55:42'),(91,'molestias','2014-08-15 02:07:00','2008-02-27 02:57:29'),(92,'animi','1982-07-08 20:04:18','1970-11-22 08:07:42'),(93,'libero','1996-04-15 02:08:22','1970-09-01 00:17:36'),(94,'error','1973-12-26 21:31:36','1999-02-03 16:05:44'),(95,'sed','2009-07-14 14:59:32','1974-01-08 01:07:15'),(96,'iste','1996-05-09 00:08:19','1972-03-18 20:21:49'),(97,'mollitia','1976-03-17 20:40:46','1974-10-18 22:35:15'),(98,'dolore','1985-04-06 22:13:13','1983-02-22 05:00:32'),(99,'soluta','1974-12-10 14:57:17','2018-12-28 05:54:58'),(100,'quis','2001-05-18 15:59:17','2002-05-11 11:14:48');
/*!40000 ALTER TABLE `communities` ENABLE KEYS */;
UNLOCK TABLES;

--
-- Table structure for table `communities_users`
--

DROP TABLE IF EXISTS `communities_users`;
/*!40101 SET @saved_cs_client     = @@character_set_client */;
/*!50503 SET character_set_client = utf8mb4 */;
CREATE TABLE `communities_users` (
  `community_id` int unsigned NOT NULL COMMENT 'Ссылка на группу',
  `user_id` int unsigned NOT NULL COMMENT 'Ссылка на пользователя',
  `created_at` datetime DEFAULT CURRENT_TIMESTAMP COMMENT 'Время создания строки',
  PRIMARY KEY (`community_id`,`user_id`) COMMENT 'Составной первичный ключ'
) ENGINE=InnoDB DEFAULT CHARSET=utf8 COLLATE=utf8_unicode_ci COMMENT='Участники групп, связь между пользователями и группами';
/*!40101 SET character_set_client = @saved_cs_client */;

--
-- Dumping data for table `communities_users`
--

LOCK TABLES `communities_users` WRITE;
/*!40000 ALTER TABLE `communities_users` DISABLE KEYS */;
INSERT INTO `communities_users` VALUES (1,45,'2012-10-22 18:26:26'),(2,35,'1986-11-27 14:19:00'),(3,30,'2010-09-23 16:20:58'),(4,73,'2002-08-02 22:11:59'),(5,96,'2004-06-16 15:28:04'),(6,12,'1989-01-19 08:01:15'),(7,14,'1983-12-04 10:48:27'),(8,86,'1991-11-23 03:42:41'),(9,92,'2006-04-07 14:51:24'),(10,53,'2014-12-27 02:21:12'),(11,59,'1973-07-19 14:57:41'),(12,60,'2005-07-26 20:17:35'),(13,68,'2003-06-09 13:34:48'),(14,59,'1972-09-23 11:45:41'),(15,66,'2008-04-29 08:14:36'),(16,60,'1987-07-27 22:01:53'),(17,19,'1990-08-03 23:47:03'),(18,75,'1995-07-03 05:20:33'),(19,57,'2002-09-25 04:59:22'),(20,45,'1992-03-21 12:05:11'),(21,30,'2012-06-21 00:39:04'),(22,7,'1983-05-17 09:11:17'),(23,11,'2010-07-04 18:46:09'),(24,80,'1970-11-14 01:49:10'),(25,31,'2000-01-03 12:28:18'),(26,56,'2014-12-22 00:08:22'),(27,83,'1982-02-13 07:34:00'),(28,94,'1992-03-04 07:10:40'),(29,32,'1975-10-25 08:44:35'),(30,38,'2006-06-20 09:40:01'),(31,81,'2010-07-22 11:10:05'),(32,86,'1995-11-03 19:21:39'),(33,45,'1990-06-18 20:27:30'),(34,91,'1977-06-19 06:16:03'),(35,44,'2003-04-01 09:32:21'),(36,77,'2011-02-03 03:15:14'),(37,89,'1991-06-18 22:12:02'),(38,68,'1991-03-08 13:03:40'),(39,50,'1994-06-13 18:30:46'),(40,16,'1970-07-04 19:14:03'),(41,23,'2004-08-27 13:55:40'),(42,62,'1976-10-29 07:06:12'),(43,24,'1981-01-31 11:59:43'),(44,39,'1974-03-23 00:02:32'),(45,82,'1981-06-11 12:14:53'),(46,45,'2009-05-10 02:25:46'),(47,89,'1999-04-01 07:37:32'),(48,45,'1986-07-11 14:06:51'),(49,40,'1975-06-27 21:25:22'),(50,5,'2013-03-25 03:15:48'),(51,26,'1983-12-04 12:05:22'),(52,95,'1997-05-04 03:01:10'),(53,98,'1981-07-14 22:10:28'),(54,79,'2004-04-13 17:31:23'),(55,19,'1973-05-18 02:33:34'),(56,53,'1978-07-11 08:50:46'),(57,75,'1976-03-22 04:25:23'),(58,49,'2002-06-06 21:43:29'),(59,31,'2010-03-15 13:30:41'),(60,56,'1994-11-16 17:19:59'),(61,86,'1982-10-18 11:19:15'),(62,6,'2016-11-03 12:05:48'),(63,55,'2019-06-26 13:27:05'),(64,33,'2011-10-25 23:03:06'),(65,58,'1973-12-12 01:06:56'),(66,84,'1975-08-07 09:35:27'),(67,10,'1971-09-04 03:09:40'),(68,28,'1990-03-31 09:18:16'),(69,35,'2009-11-10 22:33:56'),(70,78,'1986-01-29 03:27:23'),(71,97,'2016-05-28 21:58:16'),(72,8,'2001-07-30 00:54:10'),(73,43,'1975-04-03 02:51:08'),(74,13,'1972-09-25 10:17:58'),(75,69,'1982-01-21 09:50:58'),(76,33,'2020-08-12 11:48:51'),(77,79,'2016-12-09 13:13:54'),(78,88,'2007-03-11 13:03:46'),(79,30,'2018-07-15 20:58:23'),(80,42,'1998-07-08 23:41:22'),(81,67,'2012-10-19 03:42:35'),(82,9,'2018-12-10 08:38:30'),(83,91,'2008-10-26 17:36:23'),(84,26,'1983-07-21 00:17:12'),(85,94,'1971-01-06 05:47:41'),(86,96,'1987-01-03 12:28:50'),(87,52,'2013-08-05 05:36:32'),(88,34,'2007-10-10 21:06:40'),(89,56,'2008-02-17 18:10:55'),(90,99,'1989-11-13 16:26:04'),(91,53,'2007-01-01 22:01:14'),(92,52,'2013-11-20 22:21:16'),(93,35,'2017-02-17 22:16:04'),(94,50,'2015-11-18 17:06:25'),(95,13,'1997-06-26 16:50:09'),(96,52,'1997-04-26 10:16:24'),(97,18,'2011-10-11 05:47:05'),(98,54,'2013-08-25 07:03:10'),(99,63,'1989-11-25 00:02:35'),(100,3,'2007-11-20 12:17:53');
/*!40000 ALTER TABLE `communities_users` ENABLE KEYS */;
UNLOCK TABLES;

--
-- Table structure for table `friendship`
--

DROP TABLE IF EXISTS `friendship`;
/*!40101 SET @saved_cs_client     = @@character_set_client */;
/*!50503 SET character_set_client = utf8mb4 */;
CREATE TABLE `friendship` (
  `user_id` int unsigned NOT NULL COMMENT 'Ссылка на инициатора дружеских отношений',
  `friend_id` int unsigned NOT NULL COMMENT 'Ссылка на получателя приглашения дружить',
  `status_id` int unsigned NOT NULL COMMENT 'Ссылка на статус (текущее состояние) отношений',
  `confirmed_at` datetime DEFAULT NULL COMMENT 'Время подтверждения приглашения',
  `created_at` datetime DEFAULT CURRENT_TIMESTAMP COMMENT 'Время создания строки',
  `updated_at` datetime DEFAULT CURRENT_TIMESTAMP ON UPDATE CURRENT_TIMESTAMP COMMENT 'Время обновления строки',
  PRIMARY KEY (`user_id`,`friend_id`) COMMENT 'Составной первичный ключ'
) ENGINE=InnoDB DEFAULT CHARSET=utf8 COLLATE=utf8_unicode_ci COMMENT='Таблица дружбы';
/*!40101 SET character_set_client = @saved_cs_client */;

--
-- Dumping data for table `friendship`
--

LOCK TABLES `friendship` WRITE;
/*!40000 ALTER TABLE `friendship` DISABLE KEYS */;
INSERT INTO `friendship` VALUES (1,45,101,'2000-12-23 03:42:23','1974-11-14 07:21:04','2005-10-16 16:08:23'),(2,3,102,'2019-03-20 18:45:27','2005-10-21 12:07:26','2020-11-20 17:51:01'),(3,0,101,'1981-11-20 14:24:55','1981-03-18 22:52:50','1973-03-02 17:11:28'),(4,51,102,'1984-11-03 17:14:49','2015-04-17 18:10:15','2000-09-13 12:32:00'),(5,76,101,'1993-07-28 07:09:54','1977-05-04 15:27:55','1987-12-29 09:58:05'),(6,59,102,'1995-07-16 01:07:56','1995-10-08 16:34:34','2011-03-19 05:45:28'),(7,18,101,'1978-06-06 03:23:45','1980-06-17 06:39:52','1987-07-22 03:54:51'),(8,98,102,'1978-10-26 20:58:27','1987-07-03 22:46:29','2000-02-04 18:56:42'),(9,21,101,'2007-01-20 16:33:36','1981-10-04 09:26:27','1991-10-30 12:10:52'),(10,54,102,'2007-12-19 00:14:53','1986-10-04 23:41:57','1992-04-06 01:25:29'),(11,89,101,'1970-05-05 19:04:02','2003-09-20 12:15:36','2015-10-13 00:12:38'),(12,49,102,'2001-07-25 20:26:55','1975-09-20 03:26:04','1987-03-19 15:51:24'),(13,88,101,'1980-09-18 04:07:29','1993-09-13 20:09:02','1989-06-01 21:14:32'),(14,48,102,'2000-05-12 02:46:20','1976-06-30 12:36:07','2004-11-30 07:06:03'),(15,20,101,'1974-04-12 12:03:09','2018-11-22 13:03:39','1992-09-21 16:37:54'),(16,82,102,'1972-08-07 05:27:50','2011-02-20 18:00:09','2004-02-04 06:17:05'),(17,21,101,'1990-04-15 01:00:41','1981-05-01 15:54:17','1990-04-28 14:31:49'),(18,82,102,'2007-03-31 02:40:28','1987-09-20 08:04:58','2008-03-17 07:30:06'),(19,9,101,'1983-10-20 18:26:31','1985-09-17 22:31:54','1973-08-23 04:51:21'),(20,55,102,'1970-11-17 08:31:48','2009-10-21 00:11:03','1988-10-25 01:51:09'),(21,8,101,'1988-04-09 18:30:00','2003-08-10 07:29:17','2003-06-04 20:26:43'),(22,84,102,'1975-02-11 14:30:15','1992-04-27 13:24:47','2007-11-02 19:39:11'),(23,45,101,'2010-02-27 23:36:06','1979-02-08 04:07:00','2001-10-14 10:22:11'),(24,5,102,'2004-07-22 08:14:31','1970-11-13 09:07:00','2015-06-23 05:19:26'),(25,37,101,'1993-05-10 17:25:32','2008-07-10 03:00:54','1998-04-07 13:36:25'),(26,88,102,'1981-11-24 02:36:37','1975-02-16 14:30:37','2001-05-11 00:47:43'),(27,10,101,'2009-04-20 13:53:29','2019-01-20 15:36:40','2009-01-19 01:43:19'),(28,58,102,'2003-11-02 21:28:33','2004-09-24 07:04:29','2008-09-03 02:27:04'),(29,97,101,'2010-01-26 23:42:15','1985-05-03 23:21:01','1985-03-24 05:28:18'),(30,31,102,'2007-09-20 23:29:43','1971-12-03 12:21:21','2020-11-20 17:51:01'),(31,10,101,'2019-01-20 21:31:51','1971-06-18 14:25:43','1981-11-29 06:23:41'),(32,68,102,'1979-05-04 00:35:21','1984-03-06 13:16:21','2004-11-12 01:47:23'),(33,7,101,'1996-11-02 23:58:28','2012-09-13 08:59:27','2007-02-16 15:44:42'),(34,44,102,'2005-07-04 19:03:40','1973-09-04 11:44:13','1992-01-03 05:56:09'),(35,76,101,'2020-03-28 16:20:24','1998-07-10 15:04:48','2000-07-23 17:40:48'),(36,25,102,'1977-11-20 20:23:37','1993-02-12 17:55:33','1978-02-07 23:04:21'),(37,25,101,'1989-05-25 01:16:51','1977-12-13 21:31:28','1991-05-20 10:57:34'),(38,97,102,'2017-04-14 00:29:54','1979-09-20 05:32:39','2015-05-23 12:46:11'),(39,82,101,'1978-08-28 15:51:53','1986-11-28 19:03:12','1980-02-02 11:20:03'),(40,92,102,'2006-10-12 05:18:44','2013-03-15 10:47:59','1979-04-11 07:01:12'),(41,40,101,'2008-06-02 09:58:31','1988-02-16 08:01:18','1987-09-29 03:57:13'),(42,66,102,'2009-11-05 21:11:52','1978-11-13 16:38:28','2017-07-11 12:57:58'),(43,82,101,'1998-01-09 23:54:20','2001-05-04 02:32:33','1998-07-09 06:17:50'),(44,60,102,'1982-03-21 02:06:19','2006-08-03 16:37:20','1973-12-24 13:41:25'),(45,81,101,'1981-08-13 15:39:21','1999-02-08 20:32:31','2006-03-13 08:34:19'),(46,58,102,'1999-01-17 04:04:06','2009-11-23 10:50:55','1998-09-13 06:34:29'),(47,94,101,'2019-12-21 09:01:15','1993-12-07 11:16:39','1977-06-23 16:09:13'),(48,1,102,'2002-02-13 06:49:21','2019-10-03 05:55:34','1993-01-08 09:29:09'),(49,69,101,'1992-01-28 11:28:20','1997-09-29 02:20:42','1996-02-05 12:01:10'),(50,12,102,'2011-01-10 19:28:28','2019-11-03 22:21:32','1994-11-11 21:13:36'),(51,86,101,'2007-04-04 19:50:51','1984-05-13 19:44:55','1992-10-25 15:18:39'),(52,80,102,'2002-09-07 03:14:19','1974-01-29 18:06:03','2007-02-23 07:15:38'),(53,59,101,'2012-02-29 21:09:36','2019-04-23 11:14:05','1972-04-26 19:03:25'),(54,29,102,'1991-12-21 09:13:59','2014-05-29 05:49:50','2001-07-08 14:53:23'),(55,86,101,'1974-01-22 22:51:34','1998-07-21 06:36:52','2015-08-01 12:45:07'),(56,23,102,'1992-08-15 13:35:08','2014-06-05 07:41:44','2013-03-09 15:06:43'),(57,8,101,'1999-11-03 08:36:48','2004-01-05 14:51:44','2016-03-23 04:11:12'),(58,97,102,'1980-01-16 06:43:56','1975-11-09 20:59:24','2016-06-27 04:13:55'),(59,7,101,'1973-07-10 08:32:15','2000-09-27 22:47:00','1994-05-12 19:28:28'),(60,15,102,'2009-04-28 15:22:27','1986-08-05 22:16:27','1988-08-14 09:51:28'),(61,69,101,'1998-05-06 13:52:32','2011-06-03 14:50:01','1991-09-26 21:25:47'),(62,30,102,'2011-04-10 06:05:08','1980-09-05 20:37:28','1995-05-21 14:33:01'),(63,49,101,'1977-07-27 20:16:36','1985-09-18 03:13:35','1979-09-18 11:51:20'),(64,14,102,'1971-05-10 06:33:43','2013-04-23 16:57:44','2015-12-12 03:37:20'),(65,75,101,'1993-11-12 11:17:48','2010-09-21 17:51:14','1997-09-19 00:41:57'),(66,26,102,'2016-01-31 02:54:06','1996-05-06 12:40:54','1988-05-13 09:34:10'),(67,62,101,'1988-12-22 17:22:28','1992-05-07 06:49:23','2004-06-01 21:00:55'),(68,86,102,'1993-04-10 17:08:11','2018-11-14 01:58:50','2020-10-28 16:36:59'),(69,24,101,'1985-04-17 02:48:50','1982-01-14 09:05:45','2016-10-04 17:43:15'),(70,65,102,'2003-07-29 04:33:51','1977-02-21 06:10:31','1996-08-03 02:52:56'),(71,17,101,'1980-12-21 16:27:48','2005-05-26 08:02:58','2014-11-23 05:16:36'),(72,85,102,'1984-05-25 02:01:51','2001-02-21 17:11:42','2018-03-24 09:33:10'),(73,0,101,'1977-06-03 16:02:00','2001-04-15 12:39:48','1970-04-08 22:37:22'),(74,38,102,'2013-11-04 22:54:49','1976-07-27 18:38:01','1999-11-25 16:24:59'),(75,86,101,'1973-06-01 06:54:23','1990-11-30 02:44:38','1981-12-26 00:33:08'),(76,54,102,'1999-07-03 04:29:25','1988-10-16 10:53:09','2002-09-07 06:51:29'),(77,44,101,'1979-12-05 06:10:17','2018-04-03 02:35:45','1980-06-19 05:08:56'),(78,64,102,'2009-10-02 13:36:19','1981-03-01 14:32:53','1995-05-06 09:29:04'),(79,25,101,'2008-03-28 01:42:11','2005-10-25 02:53:19','2011-11-30 06:49:03'),(80,12,102,'2000-05-13 16:12:17','1998-01-29 00:24:40','2012-08-06 08:15:08'),(81,61,101,'1981-09-27 23:11:17','1998-09-24 11:25:40','1996-11-10 06:24:00'),(82,53,102,'1982-04-18 05:21:45','2007-02-04 17:57:06','1981-10-16 13:08:07'),(83,39,101,'2008-12-30 16:45:11','1980-11-02 17:12:42','1984-05-05 10:02:10'),(84,98,102,'1979-03-17 23:22:32','2004-04-03 00:08:43','1994-09-20 00:06:49'),(85,50,101,'1994-08-04 12:18:01','1975-07-24 06:09:27','2000-10-10 11:53:03'),(86,8,102,'1986-07-27 06:17:29','1973-03-17 02:47:14','1993-01-03 17:07:31'),(87,7,101,'2001-07-22 13:45:31','2008-10-08 14:59:48','2007-02-20 23:57:56'),(88,79,102,'1995-10-19 17:24:57','2019-05-17 10:48:59','1991-07-24 22:51:41'),(89,14,101,'1971-11-03 19:34:11','1991-12-04 06:59:45','2004-09-15 10:58:32'),(90,43,102,'2004-01-08 06:23:41','1992-06-27 23:16:48','1987-02-06 12:29:28'),(91,89,101,'2006-12-28 08:13:48','2008-07-02 03:00:47','2020-05-16 03:02:45'),(92,26,102,'1989-05-09 15:45:10','1977-04-26 11:50:53','2002-06-18 20:12:57'),(93,55,101,'1980-06-04 07:59:04','1998-04-12 17:44:10','2001-09-09 05:28:49'),(94,27,102,'1975-01-10 01:47:59','2013-01-14 07:25:14','2010-10-21 03:02:47'),(95,23,101,'1984-06-13 20:18:36','1998-12-04 03:02:47','2002-10-21 17:33:59'),(96,60,102,'2000-06-19 06:58:35','1990-11-07 15:26:17','2012-03-26 08:23:17'),(97,47,101,'2014-10-06 15:01:38','1999-12-22 11:07:12','1981-08-09 22:01:27'),(98,49,102,'1976-12-25 11:35:07','1978-08-19 05:57:35','1980-07-31 16:38:14'),(99,56,101,'1991-01-22 21:20:44','2007-06-08 19:51:12','1983-05-21 20:32:50'),(100,10,102,'1983-06-11 21:25:30','1984-02-23 07:18:46','1975-01-07 04:46:00');
/*!40000 ALTER TABLE `friendship` ENABLE KEYS */;
UNLOCK TABLES;

--
-- Table structure for table `friendship_statuses`
--

DROP TABLE IF EXISTS `friendship_statuses`;
/*!40101 SET @saved_cs_client     = @@character_set_client */;
/*!50503 SET character_set_client = utf8mb4 */;
CREATE TABLE `friendship_statuses` (
  `id` int unsigned NOT NULL AUTO_INCREMENT COMMENT 'Идентификатор строки',
  `name` varchar(150) CHARACTER SET utf8 COLLATE utf8_unicode_ci NOT NULL COMMENT 'Название статуса',
  `created_at` datetime DEFAULT CURRENT_TIMESTAMP COMMENT 'Время создания строки',
  `updated_at` datetime DEFAULT CURRENT_TIMESTAMP ON UPDATE CURRENT_TIMESTAMP COMMENT 'Время обновления строки',
  PRIMARY KEY (`id`),
  UNIQUE KEY `name` (`name`)
) ENGINE=InnoDB AUTO_INCREMENT=4 DEFAULT CHARSET=utf8 COLLATE=utf8_unicode_ci COMMENT='Статусы дружбы';
/*!40101 SET character_set_client = @saved_cs_client */;

--
-- Dumping data for table `friendship_statuses`
--

LOCK TABLES `friendship_statuses` WRITE;
/*!40000 ALTER TABLE `friendship_statuses` DISABLE KEYS */;
/*!40000 ALTER TABLE `friendship_statuses` ENABLE KEYS */;
UNLOCK TABLES;

--
-- Table structure for table `media`
--

DROP TABLE IF EXISTS `media`;
/*!40101 SET @saved_cs_client     = @@character_set_client */;
/*!50503 SET character_set_client = utf8mb4 */;
CREATE TABLE `media` (
  `id` int unsigned NOT NULL AUTO_INCREMENT COMMENT 'Идентификатор строки',
  `user_id` int unsigned NOT NULL COMMENT 'Ссылка на пользователя, который загрузил файл',
  `filename` varchar(255) CHARACTER SET utf8 COLLATE utf8_unicode_ci NOT NULL COMMENT 'Путь к файлу',
  `size` int NOT NULL COMMENT 'Размер файла',
  `metadata` json DEFAULT NULL,
  `media_type_id` int unsigned NOT NULL COMMENT 'Ссылка на тип контента',
  `created_at` datetime DEFAULT CURRENT_TIMESTAMP COMMENT 'Время создания строки',
  `updated_at` datetime DEFAULT CURRENT_TIMESTAMP ON UPDATE CURRENT_TIMESTAMP COMMENT 'Время обновления строки',
  PRIMARY KEY (`id`),
  CONSTRAINT `media_chk_1` CHECK (json_valid(`metadata`))
) ENGINE=InnoDB AUTO_INCREMENT=101 DEFAULT CHARSET=utf8 COLLATE=utf8_unicode_ci COMMENT='Медиафайлы';
/*!40101 SET character_set_client = @saved_cs_client */;

--
-- Dumping data for table `media`
--

LOCK TABLES `media` WRITE;
/*!40000 ALTER TABLE `media` DISABLE KEYS */;
INSERT INTO `media` VALUES (1,1,'http://dropbox.net/vk/porro.png',482133,'{\"owner\": \"Eula Dare\"}',1,'1997-12-04 22:47:34','2020-11-20 17:50:09'),(2,2,'http://dropbox.net/vk/numquam.jpeg',70488,'{\"owner\": \"Kay Lehner\"}',2,'1980-10-03 10:03:58','2020-11-20 17:50:09'),(3,3,'http://dropbox.net/vk/nesciunt.png',215202,'{\"owner\": \"Guillermo Olson\"}',1,'1991-04-18 07:45:56','2020-11-20 17:50:09'),(4,4,'http://dropbox.net/vk/nulla.avi',7468,'{\"owner\": \"Hellen Williamson\"}',2,'1979-12-11 05:31:21','2020-11-20 17:50:09'),(5,5,'http://dropbox.net/vk/ut.png',99683815,'{\"owner\": \"Gennaro Cassin\"}',2,'1989-09-04 06:50:54','2020-11-20 17:50:09'),(6,6,'http://dropbox.net/vk/suscipit.mpeg',166365,'{\"owner\": \"Norma Bogan\"}',3,'2003-07-14 23:53:11','2020-11-20 17:50:09'),(7,7,'http://dropbox.net/vk/fugit.png',72441,'{\"owner\": \"Ashlee Rosenbaum\"}',3,'1971-11-02 15:18:10','2020-11-20 17:50:09'),(8,8,'http://dropbox.net/vk/at.png',7871183,'{\"owner\": \"Alberto Hane\"}',1,'2013-11-17 05:02:29','2020-11-20 17:50:09'),(9,9,'http://dropbox.net/vk/ea.avi',610362,'{\"owner\": \"Lucio Krajcik\"}',2,'1990-11-04 08:40:41','2020-11-20 17:50:09'),(10,10,'http://dropbox.net/vk/molestiae.avi',644129991,'{\"owner\": \"Rosalee Goodwin\"}',1,'2018-01-19 12:36:56','2020-11-20 17:50:09'),(11,11,'http://dropbox.net/vk/eos.png',542712,'{\"owner\": \"Aimee Welch\"}',3,'2020-02-07 19:18:16','2020-11-20 17:50:09'),(12,12,'http://dropbox.net/vk/reprehenderit.avi',872478,'{\"owner\": \"Cydney Yost\"}',3,'2016-11-30 18:58:31','2020-11-20 17:50:09'),(13,13,'http://dropbox.net/vk/inventore.mpeg',724253,'{\"owner\": \"Briana Erdman\"}',2,'2000-02-14 03:00:08','2020-11-20 17:50:09'),(14,14,'http://dropbox.net/vk/dolorem.mpeg',993830,'{\"owner\": \"Alex Terry\"}',3,'1983-04-08 20:57:56','2020-11-20 17:50:09'),(15,15,'http://dropbox.net/vk/accusamus.avi',901229,'{\"owner\": \"Rasheed Harber\"}',2,'2007-10-27 10:43:38','2020-11-20 17:50:09'),(16,16,'http://dropbox.net/vk/culpa.mpeg',780607597,'{\"owner\": \"Verla King\"}',2,'2010-09-23 23:27:45','2020-11-20 17:50:09'),(17,17,'http://dropbox.net/vk/sit.avi',786394,'{\"owner\": \"Madilyn Konopelski\"}',3,'1975-04-27 11:33:16','2020-11-20 17:50:09'),(18,18,'http://dropbox.net/vk/at.avi',80269,'{\"owner\": \"Danielle Weissnat\"}',3,'1980-03-04 08:58:23','2020-11-20 17:50:09'),(19,19,'http://dropbox.net/vk/quasi.png',69638556,'{\"owner\": \"Judah Jenkins\"}',2,'2008-10-18 23:51:54','2020-11-20 17:50:09'),(20,20,'http://dropbox.net/vk/enim.jpeg',940481,'{\"owner\": \"Imogene Kerluke\"}',2,'1990-02-11 17:03:55','2020-11-20 17:50:09'),(21,21,'http://dropbox.net/vk/non.jpeg',73941,'{\"owner\": \"Leanne Bergstrom\"}',1,'2013-08-13 16:10:45','2020-11-20 17:50:09'),(22,22,'http://dropbox.net/vk/nulla.png',557463373,'{\"owner\": \"Deborah Schultz\"}',1,'1976-05-10 10:53:24','2020-11-20 17:50:09'),(23,23,'http://dropbox.net/vk/omnis.png',563374,'{\"owner\": \"Roxane Mraz\"}',2,'2005-05-05 13:59:59','2020-11-20 17:50:09'),(24,24,'http://dropbox.net/vk/aut.mpeg',333225,'{\"owner\": \"May Streich\"}',1,'1998-11-05 12:58:22','2020-11-20 17:50:09'),(25,25,'http://dropbox.net/vk/et.png',834679,'{\"owner\": \"Mckenzie D\'Amore\"}',2,'2011-09-06 11:02:36','2020-11-20 17:50:09'),(26,26,'http://dropbox.net/vk/at.jpeg',8530454,'{\"owner\": \"Stacy Wuckert\"}',1,'2015-09-13 16:26:18','2020-11-20 17:50:09'),(27,27,'http://dropbox.net/vk/tempore.avi',5309,'{\"owner\": \"Edgardo Greenholt\"}',3,'2020-07-31 05:50:48','2020-11-20 17:50:09'),(28,28,'http://dropbox.net/vk/et.jpeg',160389331,'{\"owner\": \"Lilyan Monahan\"}',2,'1998-12-19 08:12:58','2020-11-20 17:50:09'),(29,29,'http://dropbox.net/vk/dolorem.avi',163722,'{\"owner\": \"Morgan Bogisich\"}',3,'1973-02-17 14:30:42','2020-11-20 17:50:09'),(30,30,'http://dropbox.net/vk/omnis.avi',3782755,'{\"owner\": \"Krystel Turner\"}',1,'2003-08-18 23:25:38','2020-11-20 17:50:09'),(31,31,'http://dropbox.net/vk/sed.avi',304575,'{\"owner\": \"Perry Bailey\"}',1,'1976-09-13 09:58:03','2020-11-20 17:50:09'),(32,32,'http://dropbox.net/vk/id.jpeg',231314858,'{\"owner\": \"Addie Turner\"}',2,'1974-03-10 05:14:38','2020-11-20 17:50:09'),(33,33,'http://dropbox.net/vk/nostrum.mpeg',21708,'{\"owner\": \"Stanley Klein\"}',1,'1977-07-02 19:28:12','2020-11-20 17:50:09'),(34,34,'http://dropbox.net/vk/maxime.avi',6494695,'{\"owner\": \"Elna Larkin\"}',3,'1975-08-28 01:15:07','2020-11-20 17:50:09'),(35,35,'http://dropbox.net/vk/voluptatem.avi',184817,'{\"owner\": \"Lavonne Kautzer\"}',1,'1970-01-03 05:57:28','2020-11-20 17:50:09'),(36,36,'http://dropbox.net/vk/rerum.mpeg',848963,'{\"owner\": \"Rachael Bergnaum\"}',2,'2014-07-05 16:13:36','2020-11-20 17:50:09'),(37,37,'http://dropbox.net/vk/qui.png',680361,'{\"owner\": \"Jude Kiehn\"}',2,'2015-04-18 23:11:26','2020-11-20 17:50:09'),(38,38,'http://dropbox.net/vk/dolorem.jpeg',35462470,'{\"owner\": \"Marilyne O\'Connell\"}',1,'2016-12-28 14:21:44','2020-11-20 17:50:09'),(39,39,'http://dropbox.net/vk/nulla.mpeg',3379811,'{\"owner\": \"Ana Harber\"}',1,'1970-09-16 05:14:03','2020-11-20 17:50:09'),(40,40,'http://dropbox.net/vk/est.png',454822,'{\"owner\": \"Brigitte Hermiston\"}',2,'1980-05-07 16:46:24','2020-11-20 17:50:09'),(41,41,'http://dropbox.net/vk/perspiciatis.mpeg',844920,'{\"owner\": \"Bertha Lueilwitz\"}',1,'1971-09-06 17:47:43','2020-11-20 17:50:09'),(42,42,'http://dropbox.net/vk/quae.jpeg',173515,'{\"owner\": \"Hazle Waelchi\"}',3,'1976-04-24 16:36:49','2020-11-20 17:50:09'),(43,43,'http://dropbox.net/vk/vitae.avi',1174197,'{\"owner\": \"Birdie Schuppe\"}',1,'2015-08-01 23:51:30','2020-11-20 17:50:09'),(44,44,'http://dropbox.net/vk/autem.jpeg',953308,'{\"owner\": \"Joyce Boyle\"}',3,'1981-05-01 02:23:43','2020-11-20 17:50:09'),(45,45,'http://dropbox.net/vk/voluptatem.mpeg',7301803,'{\"owner\": \"Brett Skiles\"}',3,'1992-08-23 19:07:45','2020-11-20 17:50:09'),(46,46,'http://dropbox.net/vk/accusamus.png',7886077,'{\"owner\": \"Madyson Brakus\"}',3,'2005-04-16 15:16:37','2020-11-20 17:50:09'),(47,47,'http://dropbox.net/vk/nihil.png',928522925,'{\"owner\": \"Jayden Gleason\"}',2,'2018-04-23 11:25:48','2020-11-20 17:50:09'),(48,48,'http://dropbox.net/vk/nobis.jpeg',571180893,'{\"owner\": \"Jerald Christiansen\"}',1,'1995-08-21 01:26:59','2020-11-20 17:50:09'),(49,49,'http://dropbox.net/vk/ad.jpeg',7747,'{\"owner\": \"Shaun Trantow\"}',2,'1998-03-21 08:58:53','2020-11-20 17:50:09'),(50,50,'http://dropbox.net/vk/ut.jpeg',905654,'{\"owner\": \"Alison Beier\"}',1,'2015-05-15 12:40:27','2020-11-20 17:50:09'),(51,51,'http://dropbox.net/vk/sit.jpeg',322816,'{\"owner\": \"Moriah Johnston\"}',2,'1972-07-02 12:40:36','2020-11-20 17:50:09'),(52,52,'http://dropbox.net/vk/consequatur.png',83536,'{\"owner\": \"Donato Rath\"}',2,'2010-06-03 14:43:52','2020-11-20 17:50:09'),(53,53,'http://dropbox.net/vk/et.jpeg',439234,'{\"owner\": \"Donato Osinski\"}',2,'1978-05-26 00:34:10','2020-11-20 17:50:09'),(54,54,'http://dropbox.net/vk/qui.avi',574782207,'{\"owner\": \"Robbie O\'Connell\"}',3,'1991-12-11 12:35:29','2020-11-20 17:50:09'),(55,55,'http://dropbox.net/vk/maiores.jpeg',935561,'{\"owner\": \"Angie Heathcote\"}',3,'2007-01-10 04:14:44','2020-11-20 17:50:09'),(56,56,'http://dropbox.net/vk/ut.avi',350105,'{\"owner\": \"Princess Emmerich\"}',1,'2017-01-12 14:38:57','2020-11-20 17:50:09'),(57,57,'http://dropbox.net/vk/voluptas.jpeg',933842,'{\"owner\": \"Maverick Runolfsson\"}',3,'1981-04-22 01:47:40','2020-11-20 17:50:09'),(58,58,'http://dropbox.net/vk/earum.jpeg',608896,'{\"owner\": \"Madison Larkin\"}',1,'1971-06-01 05:55:22','2020-11-20 17:50:09'),(59,59,'http://dropbox.net/vk/sunt.png',725636,'{\"owner\": \"Dolores Runolfsdottir\"}',3,'1996-10-30 00:03:06','2020-11-20 17:50:09'),(60,60,'http://dropbox.net/vk/dolores.png',960592,'{\"owner\": \"Matilde Hilll\"}',2,'2011-05-25 05:46:10','2020-11-20 17:50:09'),(61,61,'http://dropbox.net/vk/mollitia.mpeg',321875,'{\"owner\": \"Manuel Bashirian\"}',1,'2002-08-04 05:30:44','2020-11-20 17:50:09'),(62,62,'http://dropbox.net/vk/voluptatibus.mpeg',232952,'{\"owner\": \"Lucile Cole\"}',1,'2018-05-28 20:19:10','2020-11-20 17:50:09'),(63,63,'http://dropbox.net/vk/quaerat.jpeg',9499,'{\"owner\": \"Daniella McClure\"}',2,'2007-11-27 10:31:33','2020-11-20 17:50:09'),(64,64,'http://dropbox.net/vk/cupiditate.jpeg',71664,'{\"owner\": \"Mireya McLaughlin\"}',1,'2001-03-07 10:53:03','2020-11-20 17:50:09'),(65,65,'http://dropbox.net/vk/delectus.png',59939949,'{\"owner\": \"Olin Lesch\"}',2,'1997-08-19 22:15:12','2020-11-20 17:50:09'),(66,66,'http://dropbox.net/vk/quam.avi',4844,'{\"owner\": \"Gerard Walker\"}',3,'2010-09-14 09:14:07','2020-11-20 17:50:09'),(67,67,'http://dropbox.net/vk/ratione.avi',328074,'{\"owner\": \"Tevin Langosh\"}',3,'2007-04-18 01:28:05','2020-11-20 17:50:09'),(68,68,'http://dropbox.net/vk/corporis.png',99834,'{\"owner\": \"Cordia Schuppe\"}',2,'1996-01-14 17:41:19','2020-11-20 17:50:09'),(69,69,'http://dropbox.net/vk/dolor.avi',4856613,'{\"owner\": \"Aubree Heathcote\"}',1,'2017-11-24 10:02:28','2020-11-20 17:50:09'),(70,70,'http://dropbox.net/vk/vel.avi',6820,'{\"owner\": \"Carolyn Gutmann\"}',2,'2004-10-26 04:35:38','2020-11-20 17:50:09'),(71,71,'http://dropbox.net/vk/expedita.png',565863745,'{\"owner\": \"Shayna Dooley\"}',2,'2010-08-14 04:38:37','2020-11-20 17:50:09'),(72,72,'http://dropbox.net/vk/maiores.png',82053094,'{\"owner\": \"Roel Rolfson\"}',1,'2004-07-28 07:06:26','2020-11-20 17:50:09'),(73,73,'http://dropbox.net/vk/aut.png',931514,'{\"owner\": \"Adella Reichel\"}',2,'1974-10-15 16:03:56','2020-11-20 17:50:09'),(74,74,'http://dropbox.net/vk/facilis.png',663347,'{\"owner\": \"Elmo Heathcote\"}',2,'2020-07-12 08:46:12','2020-11-20 17:50:09'),(75,75,'http://dropbox.net/vk/sed.jpeg',512197,'{\"owner\": \"Vivianne Price\"}',1,'1971-12-25 14:29:51','2020-11-20 17:50:09'),(76,76,'http://dropbox.net/vk/perspiciatis.png',9737681,'{\"owner\": \"Haylee Nolan\"}',2,'1979-12-02 03:48:24','2020-11-20 17:50:09'),(77,77,'http://dropbox.net/vk/veniam.jpeg',85813563,'{\"owner\": \"Tremayne Schroeder\"}',1,'1997-01-19 15:51:50','2020-11-20 17:50:09'),(78,78,'http://dropbox.net/vk/et.avi',520796281,'{\"owner\": \"Libbie Christiansen\"}',2,'2020-09-15 17:03:56','2020-11-20 17:50:09'),(79,79,'http://dropbox.net/vk/alias.mpeg',560942,'{\"owner\": \"Myron Gutkowski\"}',2,'2010-02-07 11:40:38','2020-11-20 17:50:09'),(80,80,'http://dropbox.net/vk/delectus.avi',152523,'{\"owner\": \"Gerhard Lehner\"}',2,'1999-04-29 01:01:31','2020-11-20 17:50:09'),(81,81,'http://dropbox.net/vk/temporibus.png',322449,'{\"owner\": \"Gerda Cassin\"}',2,'1985-10-12 06:57:40','2020-11-20 17:50:09'),(82,82,'http://dropbox.net/vk/ipsum.avi',258119,'{\"owner\": \"Glenna Eichmann\"}',2,'1981-05-22 23:03:09','2020-11-20 17:50:09'),(83,83,'http://dropbox.net/vk/atque.jpeg',898707,'{\"owner\": \"Gussie Rutherford\"}',3,'1992-07-26 20:48:24','2020-11-20 17:50:09'),(84,84,'http://dropbox.net/vk/sunt.jpeg',597772,'{\"owner\": \"Tamara Reilly\"}',3,'1989-04-26 11:20:07','2020-11-20 17:50:09'),(85,85,'http://dropbox.net/vk/porro.mpeg',713787,'{\"owner\": \"Larissa Schaden\"}',1,'2000-10-17 02:05:52','2020-11-20 17:50:09'),(86,86,'http://dropbox.net/vk/autem.avi',837503,'{\"owner\": \"Lon Bauch\"}',1,'1976-06-09 05:27:12','2020-11-20 17:50:09'),(87,87,'http://dropbox.net/vk/sequi.mpeg',204501,'{\"owner\": \"Earnestine Cremin\"}',2,'2014-08-24 07:09:31','2020-11-20 17:50:09'),(88,88,'http://dropbox.net/vk/provident.png',219192,'{\"owner\": \"Wilson Runolfsson\"}',1,'2005-05-24 08:32:44','2020-11-20 17:50:09'),(89,89,'http://dropbox.net/vk/inventore.avi',800632180,'{\"owner\": \"Enid Corwin\"}',1,'1982-12-15 02:20:49','2020-11-20 17:50:09'),(90,90,'http://dropbox.net/vk/dolores.png',362628,'{\"owner\": \"Zola Rosenbaum\"}',2,'1980-10-22 16:47:22','2020-11-20 17:50:09'),(91,91,'http://dropbox.net/vk/laboriosam.mpeg',487348,'{\"owner\": \"Steve Cremin\"}',3,'1971-11-13 05:35:30','2020-11-20 17:50:09'),(92,92,'http://dropbox.net/vk/eos.png',32788371,'{\"owner\": \"Lenora Erdman\"}',3,'2011-05-16 19:37:33','2020-11-20 17:50:09'),(93,93,'http://dropbox.net/vk/quis.png',716119,'{\"owner\": \"Maia Fisher\"}',2,'1986-09-09 17:47:35','2020-11-20 17:50:09'),(94,94,'http://dropbox.net/vk/velit.mpeg',472457,'{\"owner\": \"Bethany O\'Connell\"}',1,'1971-05-16 10:08:00','2020-11-20 17:50:09'),(95,95,'http://dropbox.net/vk/omnis.mpeg',694709,'{\"owner\": \"Glenna Sipes\"}',3,'1970-10-16 07:49:13','2020-11-20 17:50:09'),(96,96,'http://dropbox.net/vk/sed.mpeg',611476,'{\"owner\": \"Desmond Gleason\"}',2,'2019-02-20 12:53:30','2020-11-20 17:50:09'),(97,97,'http://dropbox.net/vk/error.mpeg',824877351,'{\"owner\": \"Tatyana Carter\"}',1,'2005-06-17 06:06:06','2020-11-20 17:50:09'),(98,98,'http://dropbox.net/vk/ad.jpeg',619611653,'{\"owner\": \"Will Sanford\"}',1,'2005-02-27 09:28:58','2020-11-20 17:50:09'),(99,99,'http://dropbox.net/vk/deleniti.png',46175,'{\"owner\": \"Jeremy Waters\"}',3,'1971-10-14 14:44:09','2020-11-20 17:50:09'),(100,100,'http://dropbox.net/vk/maxime.avi',61821668,'{\"owner\": \"Jackson Crist\"}',3,'1991-05-09 07:52:45','2020-11-20 17:50:09');
/*!40000 ALTER TABLE `media` ENABLE KEYS */;
UNLOCK TABLES;

--
-- Table structure for table `media_types`
--

DROP TABLE IF EXISTS `media_types`;
/*!40101 SET @saved_cs_client     = @@character_set_client */;
/*!50503 SET character_set_client = utf8mb4 */;
CREATE TABLE `media_types` (
  `id` int unsigned NOT NULL AUTO_INCREMENT COMMENT 'Идентификатор строки',
  `name` varchar(255) CHARACTER SET utf8 COLLATE utf8_unicode_ci NOT NULL COMMENT 'Название типа',
  `created_at` datetime DEFAULT CURRENT_TIMESTAMP COMMENT 'Время создания строки',
  `updated_at` datetime DEFAULT CURRENT_TIMESTAMP ON UPDATE CURRENT_TIMESTAMP COMMENT 'Время обновления строки',
  PRIMARY KEY (`id`),
  UNIQUE KEY `name` (`name`)
) ENGINE=InnoDB DEFAULT CHARSET=utf8 COLLATE=utf8_unicode_ci COMMENT='Типы медиафайлов';
/*!40101 SET character_set_client = @saved_cs_client */;

--
-- Dumping data for table `media_types`
--

LOCK TABLES `media_types` WRITE;
/*!40000 ALTER TABLE `media_types` DISABLE KEYS */;
/*!40000 ALTER TABLE `media_types` ENABLE KEYS */;
UNLOCK TABLES;

--
-- Table structure for table `messages`
--

DROP TABLE IF EXISTS `messages`;
/*!40101 SET @saved_cs_client     = @@character_set_client */;
/*!50503 SET character_set_client = utf8mb4 */;
CREATE TABLE `messages` (
  `id` int unsigned NOT NULL AUTO_INCREMENT COMMENT 'Идентификатор строки',
  `from_user_id` int unsigned NOT NULL COMMENT 'Ссылка на отправителя сообщения',
  `to_user_id` int unsigned NOT NULL COMMENT 'Ссылка на получателя сообщения',
  `body` text CHARACTER SET utf8 COLLATE utf8_unicode_ci NOT NULL COMMENT 'Текст сообщения',
  `media_id` int unsigned DEFAULT NULL,
  `is_important` tinyint(1) DEFAULT NULL COMMENT 'Признак важности',
  `is_delivered` tinyint(1) DEFAULT NULL COMMENT 'Признак доставки',
  `created_at` datetime DEFAULT CURRENT_TIMESTAMP COMMENT 'Время создания строки',
  PRIMARY KEY (`id`)
) ENGINE=InnoDB AUTO_INCREMENT=101 DEFAULT CHARSET=utf8 COLLATE=utf8_unicode_ci COMMENT='Сообщения';
/*!40101 SET character_set_client = @saved_cs_client */;

--
-- Dumping data for table `messages`
--

LOCK TABLES `messages` WRITE;
/*!40000 ALTER TABLE `messages` DISABLE KEYS */;
INSERT INTO `messages` VALUES (1,59,56,'Aspernatur quis mollitia dolore. Ipsa voluptatem nostrum culpa consequuntur et reiciendis velit.',16,0,1,'1973-10-01 04:45:53'),(2,3,47,'Nemo beatae similique voluptatem id earum molestiae. Tempore a maxime eum nulla. Molestiae repellat neque quae facilis quis quis dolorem vitae. Et ut vitae facilis numquam possimus.',56,0,0,'2009-08-13 16:37:59'),(3,25,84,'Sit provident nam excepturi quisquam nemo. In qui eaque dolorum repudiandae et. Sit ab perspiciatis blanditiis ut. Est in impedit omnis aut earum.',33,1,1,'1995-06-13 01:04:24'),(4,45,71,'Excepturi sit ad est vel qui sit et. Autem laudantium earum sed neque. Consequatur exercitationem qui eligendi. Facilis praesentium dolor explicabo animi minima nostrum quisquam.',95,1,0,'1996-06-27 22:19:58'),(5,18,79,'Eum cumque deserunt nihil. Assumenda nihil officiis maiores cupiditate dolor. Quam voluptates laborum reprehenderit vero nobis sed. Perspiciatis deleniti et molestias molestiae. Consectetur eos impedit quo eaque dolorem doloremque qui.',75,0,0,'2008-11-24 00:53:45'),(6,41,66,'Autem voluptates perspiciatis itaque fugiat. Consequuntur minus dignissimos nulla dolorem quod. Laudantium velit cupiditate voluptatem non deserunt corporis enim.',91,0,0,'2007-03-28 02:34:01'),(7,5,29,'Quasi hic sapiente nostrum voluptatem maiores. Sit eligendi fugiat voluptatem in sunt. Perspiciatis recusandae iure labore pariatur. Quia odio fugit ut distinctio vel molestiae et.',29,0,1,'1994-04-06 17:26:24'),(8,29,57,'Quibusdam sunt consequatur velit facilis eaque sit. Et inventore voluptatum optio reiciendis incidunt et. Dolorem id repudiandae impedit nobis modi dolorem et. Rerum omnis assumenda expedita et quas voluptatibus in.',70,0,1,'2003-11-05 23:46:24'),(9,99,21,'Distinctio veritatis esse consequatur veniam excepturi. Ducimus minima est quas. Ullam omnis et odio. Maxime repudiandae repellat libero dignissimos.',63,1,0,'2012-03-21 02:40:43'),(10,8,75,'Quae et recusandae vitae autem doloremque. Facilis temporibus facere facilis iure adipisci eius. Laboriosam dolor quia dolorem quaerat quo et labore possimus.',5,1,0,'1980-06-01 13:50:47'),(11,53,39,'Error blanditiis maiores ad velit et. Quam vel inventore deleniti sed. Cum voluptatem velit voluptas et quam accusantium. Rerum autem officiis id molestiae.',33,1,1,'1984-07-22 23:44:42'),(12,37,68,'Quia mollitia cum consequatur necessitatibus enim recusandae voluptatem. Provident laudantium autem voluptas asperiores nihil optio praesentium. Vitae nihil aliquid molestiae non sed. Suscipit vitae sint natus saepe dolorem suscipit.',53,0,1,'1997-01-26 06:27:24'),(13,28,34,'Ducimus qui eveniet incidunt accusamus quos enim voluptatibus. Neque saepe iure sed a consequatur ad enim. Atque ut est ea magnam dolorem reprehenderit cum. Et deleniti magni modi sit.',63,0,0,'1999-05-15 02:14:04'),(14,84,21,'Ipsam officiis eum laudantium perferendis. Sint labore nihil dolores ullam ex sed excepturi. Recusandae quibusdam autem voluptatem aperiam exercitationem consequatur.',55,1,1,'1981-07-15 12:42:06'),(15,52,94,'Ipsam quasi atque possimus velit ut nisi aperiam minima. Et dolorum necessitatibus voluptatum quo consequatur. Ad sed totam eum rerum repellendus sapiente perferendis.',87,1,0,'1987-02-13 00:33:55'),(16,16,97,'Distinctio enim minima explicabo ea ut. Temporibus placeat nisi nisi veritatis ducimus rerum vel. Laborum dolore velit voluptas corporis. Tempore repellat necessitatibus perferendis ullam quisquam ipsum.',69,0,0,'2017-09-13 12:12:19'),(17,34,81,'Aliquam voluptatem qui consequuntur veniam laudantium. Enim officia iste et sit quo est sint asperiores. In facilis a aliquam temporibus.',82,0,0,'1977-09-26 16:48:05'),(18,2,66,'Molestias consequuntur ut harum dicta quisquam qui sit. Qui nisi aut quos molestias necessitatibus quos perferendis. Error dolores quo labore voluptates voluptate.',3,1,1,'2018-10-18 12:17:52'),(19,22,13,'Voluptatum inventore cumque eos unde aut. Deserunt non consectetur sit qui minus. Quibusdam dolorum consectetur non aperiam inventore. Repellat occaecati unde eos corporis voluptas nulla.',69,0,1,'1999-01-26 10:06:53'),(20,100,60,'Doloribus ipsam veritatis voluptatem maxime culpa quisquam qui. Necessitatibus soluta hic soluta culpa delectus delectus. Corrupti dicta natus sapiente impedit et iure. Ut nostrum rem quidem ea.',35,0,1,'2001-06-06 08:05:02'),(21,97,8,'Quidem est sit id voluptas qui eos ipsum. Sed aut quasi est consequatur omnis eos sed accusantium. Laborum facere non dolorum quia.',66,0,0,'1989-03-23 20:18:46'),(22,46,6,'Veniam adipisci voluptatibus aspernatur non et saepe aut. Blanditiis est qui dolorem sunt ex. In odio doloribus ut. Ratione aut sunt omnis omnis a quis.',27,1,1,'1971-02-19 06:53:15'),(23,92,41,'Atque omnis et officiis delectus cupiditate eos facere. Porro autem rerum sed voluptates expedita ea velit. Aliquid dolores harum nam voluptates soluta eligendi at.',36,0,0,'1977-07-11 02:37:11'),(24,27,12,'Et harum voluptatem dolorem. Earum et quia ea omnis perspiciatis cum ut voluptatum. Maxime dolorum aspernatur vitae nihil et fugit. Rem magni tempore qui reprehenderit cum non.',97,0,1,'2002-06-03 03:13:59'),(25,77,51,'Cupiditate beatae recusandae sed eum occaecati. Explicabo et rerum optio corrupti in commodi architecto quaerat. Officiis praesentium inventore itaque nam distinctio aliquid. Consectetur ut sed saepe occaecati.',77,1,1,'2013-10-17 06:27:48'),(26,24,65,'Iste deserunt nesciunt veritatis accusantium sequi laborum. Laboriosam sed voluptatem sed error. Id numquam numquam aliquid. Sint commodi veritatis aut magni.',93,0,1,'2006-06-29 15:17:05'),(27,55,77,'Quasi beatae et fugit vel voluptas. Error harum culpa eligendi soluta laudantium rem ut. Esse maiores totam sed iste velit animi possimus. Aut dolorem amet veritatis cumque aut quis et.',33,1,1,'2005-07-25 20:21:35'),(28,19,63,'Autem omnis non tempore veniam quos reprehenderit. Distinctio accusantium sed consequuntur saepe voluptatibus. Magni ea maiores eveniet ut eos culpa. Reprehenderit nostrum iusto vel autem et impedit aut.',85,0,1,'1973-02-22 03:37:11'),(29,58,1,'Alias delectus natus et quia. Ducimus eligendi pariatur esse sapiente quae. Tenetur dolore optio molestiae dolorum. Et earum sint ut excepturi consequatur dolores minima hic.',26,1,0,'1978-04-20 21:19:18'),(30,31,53,'Cumque nesciunt aut possimus accusantium. Consequuntur sed alias omnis et minima ratione nihil. Eos minus nihil voluptatem natus saepe recusandae voluptatibus asperiores. Et facere necessitatibus cumque aut sequi fugiat.',73,1,1,'2014-01-17 21:56:19'),(31,69,86,'Totam sequi voluptatem et ratione vel. Necessitatibus debitis explicabo consequuntur voluptatibus fuga. Enim in voluptates voluptatum omnis dignissimos. Ipsam illo explicabo maiores voluptatem illo rerum incidunt.',88,1,1,'1989-03-20 22:57:19'),(32,21,46,'Aut qui inventore voluptatibus temporibus id. Corporis ullam inventore doloremque aut magnam. Sed voluptate dolor reprehenderit exercitationem quisquam est aperiam. Saepe corporis ab alias.',22,1,0,'1993-05-26 00:48:43'),(33,68,1,'Harum nemo eius quo eum. In sit impedit tempore. Consequatur et et provident rerum animi ipsam. Repellat eveniet aliquam neque aut non eos ut.',44,1,1,'2018-09-23 10:34:58'),(34,2,4,'Earum commodi mollitia totam consequatur natus odio tempora. Earum aliquam laborum earum. In molestiae iusto pariatur quis. Ullam ipsam molestiae iusto quod.',53,1,1,'1971-01-12 05:13:28'),(35,14,59,'Aut dolores corrupti est amet rem eos nostrum. Commodi et reiciendis dignissimos cumque quo atque. Ut eos reiciendis iure molestiae sequi nemo ipsa.',34,0,0,'2003-01-10 00:14:32'),(36,54,90,'Mollitia unde voluptate non. Porro qui vel omnis distinctio eveniet a modi. Facere est rerum non sunt et.',8,1,1,'1992-04-16 10:25:32'),(37,89,75,'Ullam nam voluptas sint debitis non vel provident. Perferendis dolorum quia id. Repellendus at laudantium quasi soluta nesciunt commodi non at. Dignissimos fuga placeat at.',37,1,0,'2002-06-08 15:22:05'),(38,7,7,'Voluptas corrupti inventore porro eum quia quod. Ut quam quibusdam error quo sint occaecati. Numquam quo dolores sed quod et saepe omnis.',63,1,1,'2011-10-29 03:24:51'),(39,17,62,'Id quis soluta laboriosam blanditiis. Consequatur incidunt et enim vel. Blanditiis aut alias quisquam optio vel voluptatem soluta.',4,0,0,'1985-11-13 09:15:31'),(40,61,16,'Fugiat ullam non eveniet veritatis. Sint debitis nihil ad reprehenderit doloribus. Autem doloribus eum impedit autem quia quos.',30,1,0,'2007-11-09 20:57:09'),(41,96,32,'Quia incidunt velit dolorum exercitationem sunt ad. Quod culpa itaque consectetur quis alias. Eos excepturi architecto ab quidem enim voluptatem facere. Ipsam enim optio a et aut. Non omnis ducimus sit quia ipsum.',38,0,0,'1990-09-18 09:30:33'),(42,70,54,'Neque accusantium iure facere quis harum. Ipsa optio saepe non. Vel facilis iusto accusamus est expedita.',97,1,0,'1977-04-15 22:35:00'),(43,59,34,'Quo consequatur voluptatem dolor aut neque. Voluptate est odio officia consequuntur iure doloribus omnis. Quo consequuntur incidunt mollitia error consectetur atque. Assumenda nobis consequatur in vel.',71,1,0,'2020-07-23 10:59:58'),(44,94,65,'Dolorem vitae sit nobis officia facilis quidem ab quo. Unde sequi ullam et quisquam. Ipsam eos temporibus delectus quibusdam ducimus.',65,1,0,'1979-11-27 18:35:30'),(45,43,20,'Ab rerum id enim minima quos qui. Enim quia consequatur atque ad nesciunt. Fuga dicta atque et quia nobis velit. Voluptas est voluptatem non.',9,0,1,'1988-04-17 20:45:24'),(46,69,83,'Aut quasi dolores accusamus iste ad eveniet. Sunt beatae alias autem ea velit. Quis dolorem incidunt eos id quibusdam.',51,1,0,'2009-02-14 19:09:27'),(47,11,2,'Itaque nostrum voluptas et. Excepturi quaerat quibusdam autem fugit. Dolores consequatur occaecati qui praesentium sit omnis alias ratione. Qui harum recusandae quas eos perspiciatis consequuntur necessitatibus.',29,0,0,'1972-03-06 13:16:44'),(48,78,85,'In molestiae ab et eos. Quaerat expedita rem sed tempore ut. Aspernatur cupiditate provident quasi eum doloribus maxime facere.',92,0,0,'1973-09-21 05:45:59'),(49,91,100,'Suscipit enim in id sed ut voluptatem eveniet cumque. Minus facere voluptates hic necessitatibus provident velit. Veniam iure nemo et quas. Architecto consectetur accusamus eaque omnis dolorem autem.',72,0,1,'2017-12-29 03:14:03'),(50,24,22,'Reiciendis est maiores et accusantium voluptates. Quia dolores dignissimos natus consectetur. Est soluta et sequi quia in incidunt. Quia ullam optio quo consequatur.',83,1,0,'1974-08-16 20:46:11'),(51,37,18,'Explicabo consequatur quidem aut minus eos quibusdam sunt. Dolor repellendus molestias beatae omnis rem. Aliquam nemo saepe sunt mollitia.',99,0,1,'2002-01-11 14:57:40'),(52,79,38,'Ut quo dolores ea voluptatem velit qui autem. Laboriosam recusandae consequatur at ratione. Est occaecati repudiandae accusantium omnis doloribus. At aut voluptatem modi. Cum quia vel eaque explicabo iste excepturi quia.',46,0,0,'1994-05-11 09:11:11'),(53,55,62,'Non ut molestiae sit modi quam sunt. Accusantium earum debitis quaerat mollitia. Eligendi sed ullam modi. Quibusdam error facilis ab incidunt fuga praesentium quia nisi.',30,1,0,'1988-04-21 19:26:50'),(54,42,23,'Quis non rem praesentium soluta ea soluta vel pariatur. Qui voluptatem enim velit enim distinctio eum. Facilis dolorum voluptatem voluptates et dolorem omnis et. Qui excepturi qui sapiente veniam.',12,0,0,'1992-03-30 03:47:11'),(55,88,70,'Aut neque culpa reiciendis. Quo cumque soluta dicta explicabo et est velit.',72,0,1,'2007-07-11 20:31:06'),(56,86,19,'Voluptatum illo et minus aliquam nisi quo nostrum aliquid. Sed voluptas similique atque quod at. Quia molestiae odio sunt officiis tempore autem.',21,1,0,'2002-06-30 20:21:42'),(57,36,24,'Aut est vero ea. Mollitia reiciendis labore non reiciendis aliquid ut nihil. Natus nam quaerat voluptatem quisquam quam.',91,1,1,'1977-05-20 09:52:54'),(58,10,77,'Aliquid aut nihil quia et occaecati nostrum earum. Similique tempora neque nesciunt natus aliquam ea. In voluptatem ullam voluptas voluptatem totam suscipit velit voluptatem.',90,0,1,'2000-07-23 23:46:36'),(59,55,45,'Quos id nihil unde sapiente. Iusto neque itaque similique cupiditate fugiat fuga ea quae. Consectetur quo earum sed et eaque.',77,0,1,'2002-11-26 04:47:14'),(60,59,60,'Blanditiis possimus eligendi quasi eum doloribus. Pariatur dignissimos pariatur sed est harum. Delectus consectetur fugit sed sit aut. Sint distinctio expedita fugiat nihil dolorum sunt vel.',14,1,0,'1983-11-08 02:40:23'),(61,21,23,'Ipsam qui unde voluptas. Eveniet in nihil earum consequuntur et dicta iure. Velit nesciunt qui culpa aut. Eveniet voluptas voluptatem et nobis facilis minima unde beatae. Pariatur architecto fugiat dolores adipisci.',39,1,0,'1983-01-16 19:17:00'),(62,53,96,'Totam harum soluta voluptas qui. Fuga autem molestiae fugit et in. Dolores hic et atque tempora voluptatem delectus ratione. Sed sed nulla maxime a sed placeat.',54,0,0,'1992-09-30 18:54:31'),(63,21,14,'Ullam qui animi est. Ratione quia aliquid porro exercitationem dolorum libero. Iure eos velit atque ut corrupti sapiente. Delectus quasi ab et vero aspernatur blanditiis. Natus deleniti ipsum et atque harum neque in.',53,0,0,'1985-04-16 05:10:58'),(64,9,3,'Voluptatibus voluptatem laudantium praesentium ut architecto. Recusandae et repellendus qui voluptatem voluptatem temporibus. Aliquid voluptate atque voluptatum ea et voluptate nihil. Cumque ipsum ad suscipit incidunt magnam.',100,0,1,'2005-10-20 12:48:53'),(65,88,31,'Nostrum magnam culpa ut officia rerum. Repudiandae a quia beatae quia fugiat.',41,1,1,'2001-09-01 00:16:02'),(66,90,57,'Porro dolor nesciunt a sed incidunt itaque et. Nihil sed fuga voluptatem eum. Atque eum eos ut animi voluptatum numquam. Quam non rem quae ut voluptatum voluptatem quisquam. Natus similique impedit maxime eveniet.',3,0,0,'1996-07-01 19:35:18'),(67,12,91,'Rerum ut doloremque consequatur veritatis. Nam qui labore sequi quia labore dolor repellendus.',91,1,1,'1974-09-14 14:48:53'),(68,16,9,'Aut pariatur debitis voluptate cum qui. Aspernatur incidunt ut cumque vel. Quo non et aut voluptates. Est et in quod explicabo reprehenderit et iste.',49,0,1,'2013-12-10 19:39:48'),(69,95,48,'Sint molestias aperiam laboriosam incidunt similique mollitia aperiam. Modi earum tempora dignissimos libero facere odit. Harum facilis animi exercitationem dolorem asperiores quidem.',68,0,1,'1996-06-17 22:47:39'),(70,55,32,'Qui vero suscipit dolor. Quod perferendis perferendis voluptates earum voluptate doloremque consequatur et. Quo saepe quo veniam et. Voluptas deserunt consequatur ex vero dolorum.',95,0,0,'1971-06-13 18:05:22'),(71,92,66,'Expedita aut voluptatem eum quae provident illo. Ea itaque quae vel et. Perferendis laborum mollitia eius vitae praesentium dolorum repellat. At est est repudiandae alias. Ea voluptatibus consequatur consequatur aut.',69,0,0,'1979-04-27 07:49:52'),(72,51,56,'Officiis qui numquam nisi dolorum quia est facilis. Ad architecto autem nesciunt iure ipsum et ullam. Rerum nihil iusto ut vel.',60,1,0,'1992-07-15 17:57:29'),(73,29,76,'Aliquam earum quos ut voluptatum autem molestiae et. Et recusandae est nam provident et. Quam qui distinctio et veniam.',93,0,1,'1996-04-07 21:35:39'),(74,94,40,'Nisi aspernatur non quam hic velit eum. Ut omnis beatae voluptates in sequi. Doloremque quo et cum quo vero voluptas.',84,0,0,'1974-11-23 05:13:56'),(75,17,65,'Praesentium iure impedit consequuntur qui at vero corporis odio. Consectetur deserunt qui et. Velit in quaerat impedit aut distinctio.',43,1,0,'1987-01-15 07:16:06'),(76,74,74,'Blanditiis illo ducimus earum molestias aut alias. Sed voluptate quidem distinctio blanditiis dolores voluptas. Voluptatem nobis corporis in dolorem. Illo quo commodi unde.',60,0,0,'2011-02-18 13:47:25'),(77,50,24,'Animi ex et dolorem amet. Illum molestias corrupti facilis officia suscipit quibusdam et consequuntur.',69,0,0,'2014-07-15 15:21:44'),(78,71,82,'Ad aut natus at est ut sint quo. Ut nulla tempora praesentium tenetur veniam. Ducimus quasi nesciunt voluptatem et voluptas.',67,0,0,'1977-03-09 20:07:27'),(79,95,32,'Est velit rem et eos reiciendis. Dolorem recusandae id id. Possimus sequi aut voluptatibus.',28,1,1,'1999-07-30 01:25:24'),(80,72,65,'Tenetur ducimus quas ut ut molestias dicta. Fugit nihil non dolor consequatur qui. Nesciunt porro repellat odit porro et provident et unde.',39,1,1,'2014-07-27 05:36:32'),(81,8,43,'Adipisci et inventore qui. Dolorem labore pariatur est. Modi repudiandae accusamus cupiditate magni quaerat. Dolores voluptate unde dolores voluptates odit. Assumenda iste ipsa necessitatibus id.',9,1,0,'1983-03-18 20:21:08'),(82,91,24,'Ut est qui alias. Porro itaque sit minus consequatur dicta repellendus.',27,1,1,'1992-11-15 02:19:34'),(83,48,68,'Perferendis totam molestias eos voluptatem suscipit atque. Velit laboriosam deleniti voluptas et dicta nihil nisi. Maiores libero ut odio qui similique reiciendis aut.',7,0,0,'2014-04-24 21:16:12'),(84,97,77,'Harum maxime inventore rerum sapiente aut inventore illo ipsa. Porro est saepe voluptas perspiciatis enim porro. Occaecati quo blanditiis qui libero dicta et quia voluptas. Impedit voluptate assumenda eum consequuntur eius.',55,0,1,'1979-10-16 05:25:24'),(85,96,48,'Veritatis et eligendi est eum et ut voluptas inventore. Error molestiae vel eum eaque et. Voluptatibus odit illo optio voluptatem sit repellendus quod.',54,0,1,'2003-05-29 19:29:58'),(86,50,8,'Corporis sit id voluptas aliquid. Atque aut facere non et delectus nam. Cumque qui doloremque sunt aspernatur earum et nesciunt.',5,0,1,'2006-04-18 05:11:56'),(87,88,14,'Et unde nihil temporibus ut. Id perferendis quasi alias et ea incidunt soluta. Iure possimus sit consequuntur quo expedita quibusdam placeat.',60,0,0,'1978-07-19 17:47:47'),(88,8,95,'Quod sapiente voluptas eaque dolores delectus beatae est modi. Saepe quidem repudiandae blanditiis consequatur molestiae saepe consectetur possimus. Tempore asperiores et et.',84,1,0,'1998-02-18 11:43:58'),(89,54,82,'Eius dicta hic dolorem fugiat dolore eaque inventore qui. Est dolores aut dolore consectetur quidem. Corrupti vel dolor aspernatur qui nam quos officiis similique. Non maxime repellat nobis vero qui.',41,1,0,'2012-08-03 05:46:17'),(90,47,91,'Sint et consequatur sunt quaerat velit. Autem et corporis cum quis accusantium. Error numquam exercitationem atque quis culpa quia et eos.',51,1,1,'2019-07-28 17:24:29'),(91,12,85,'Modi perferendis architecto similique ut sunt non illo. Ipsam aspernatur voluptas facere et.',34,0,1,'1978-12-01 07:18:53'),(92,91,98,'Et ea ab dignissimos eos ut ex. Et repellat sit quia laudantium consequatur unde dolor repellat. Aut ducimus vero hic error modi odio autem.',17,0,0,'1993-09-03 10:55:40'),(93,19,99,'Pariatur possimus non nobis voluptate saepe sint. Quo pariatur aperiam est accusamus ratione impedit aut.',82,1,0,'1977-01-19 04:36:19'),(94,36,83,'Temporibus id dolor necessitatibus occaecati. Ut quo ipsum et non reprehenderit. Adipisci quidem pariatur eius qui aliquam. Sunt in sunt aut sed.',56,0,0,'1973-03-16 09:11:18'),(95,8,91,'Expedita et accusantium quod dolores dolore adipisci et. Ab quis quisquam sunt nostrum in. Aut praesentium aut sed provident. Perferendis quo alias perferendis est illum. Esse et laborum molestiae dignissimos enim.',37,0,0,'1996-07-06 10:27:40'),(96,30,77,'Quo autem id nobis officiis. Voluptatum beatae quia ipsum aut. Exercitationem earum et hic quis necessitatibus.',14,0,0,'1971-07-01 01:20:32'),(97,96,47,'Sit nisi odit sunt adipisci ut. Est quis consectetur iusto aliquid temporibus incidunt voluptatem. Quos dolorem aut dolorem similique quas. Fugit praesentium at repudiandae. Animi maxime adipisci accusantium error ut praesentium alias.',58,0,0,'1976-09-09 15:28:34'),(98,47,91,'Aut omnis pariatur temporibus dicta. Et est consequatur porro incidunt aut. Enim repellat similique odit pariatur quia nam. Praesentium consequatur et sed.',47,1,0,'1980-09-26 16:27:31'),(99,16,6,'Officiis odit ex molestias dolores. Ut qui est dolores. Reprehenderit animi illo ducimus ducimus aut praesentium.',63,1,1,'2011-12-05 19:46:12'),(100,80,82,'Aut commodi ut qui nihil repellat. Quae inventore id et veritatis dolores officia. Hic praesentium rerum rem maxime saepe hic. Et illo ut et eum qui facere.',72,0,1,'2011-06-17 02:40:13');
/*!40000 ALTER TABLE `messages` ENABLE KEYS */;
UNLOCK TABLES;

--
-- Table structure for table `profiles`
--

DROP TABLE IF EXISTS `profiles`;
/*!40101 SET @saved_cs_client     = @@character_set_client */;
/*!50503 SET character_set_client = utf8mb4 */;
CREATE TABLE `profiles` (
  `user_id` int unsigned NOT NULL COMMENT 'Ссылка на пользователя',
  `gender` char(1) CHARACTER SET utf8 COLLATE utf8_unicode_ci NOT NULL COMMENT 'Пол',
  `birthday` date DEFAULT NULL COMMENT 'Дата рождения',
  `city` varchar(130) CHARACTER SET utf8 COLLATE utf8_unicode_ci DEFAULT NULL COMMENT 'Город проживания',
  `country` varchar(130) CHARACTER SET utf8 COLLATE utf8_unicode_ci DEFAULT NULL COMMENT 'Страна проживания',
  `created_at` datetime DEFAULT CURRENT_TIMESTAMP COMMENT 'Время создания строки',
  `updated_at` datetime DEFAULT CURRENT_TIMESTAMP ON UPDATE CURRENT_TIMESTAMP COMMENT 'Время обновления строки',
  PRIMARY KEY (`user_id`)
) ENGINE=InnoDB DEFAULT CHARSET=utf8 COLLATE=utf8_unicode_ci COMMENT='Профили';
/*!40101 SET character_set_client = @saved_cs_client */;

--
-- Dumping data for table `profiles`
--

LOCK TABLES `profiles` WRITE;
/*!40000 ALTER TABLE `profiles` DISABLE KEYS */;
INSERT INTO `profiles` VALUES (1,'M','1998-07-20','West Katharinashire','India','2014-06-02 03:04:49','2020-11-20 17:36:47'),(2,'F','1972-02-06','North Ralphberg','Monaco','2013-06-12 08:30:56','2020-11-20 17:36:47'),(3,'F','1991-06-12','Wernerview','Trinidad and Tobago','2014-07-07 21:22:02','2020-11-20 17:36:47'),(4,'M','2012-05-20','Helenabury','Brazil','2017-04-03 07:04:00','2020-11-20 17:36:47'),(5,'F','1982-04-20','New Damien','Liechtenstein','2016-06-04 08:44:08','2020-11-20 17:36:47'),(6,'M','1980-08-03','East Nyaside','Uganda','2012-04-20 22:05:25','2020-11-20 17:36:47'),(7,'F','2005-04-06','Winonatown','Gambia','2012-08-01 19:38:46','2020-11-20 17:36:47'),(8,'F','2001-10-04','New Major','Dominican Republic','2017-06-06 07:31:11','2020-11-20 17:36:47'),(9,'F','2013-05-03','New Benjaminberg','Andorra','2016-06-16 00:14:08','2020-11-20 17:36:47'),(10,'M','1984-07-19','East Bradenstad','Tokelau','2011-07-05 05:35:47','2020-11-20 17:36:47'),(11,'F','1979-11-27','Lake Samir','Bermuda','2017-05-09 08:40:32','2020-11-20 17:36:47'),(12,'M','1988-03-20','South Gregoriofort','Pakistan','2013-11-28 17:22:10','2020-11-20 17:36:47'),(13,'M','1990-06-30','Lake Brandonfurt','Kenya','2013-09-16 21:37:18','2020-11-20 17:36:47'),(14,'F','1987-12-10','Port Nona','Turks and Caicos Islands','2015-07-19 18:48:48','2020-11-20 17:36:47'),(15,'M','1991-10-25','Caleview','Netherlands Antilles','2020-03-22 21:30:01','2020-11-20 17:36:47'),(16,'M','2019-08-04','Patrickmouth','Netherlands','2014-09-18 18:26:11','2020-11-20 17:36:47'),(17,'M','1993-05-18','Port Violet','Tuvalu','2012-12-17 03:48:40','2020-11-20 17:36:47'),(18,'M','1987-07-09','Lake Ora','Jamaica','2014-05-07 20:38:19','2020-11-20 17:36:47'),(19,'F','1981-08-12','Edberg','Portugal','2017-09-23 21:45:13','2020-11-20 17:36:47'),(20,'M','2009-02-01','Balistreriville','Greece','2019-04-30 22:38:34','2020-11-20 17:36:47'),(21,'M','1980-03-23','Kristafort','France','2015-01-06 08:27:02','2020-11-20 17:36:47'),(22,'M','1979-01-26','North Erin','Seychelles','2012-03-11 02:41:02','2020-11-20 17:36:47'),(23,'F','1996-10-29','Lake Newtonfort','Norway','2017-12-02 09:37:09','2020-11-20 17:36:47'),(24,'M','1974-05-10','Torphyview','South Georgia and the South Sandwich Islands','2020-02-06 14:55:19','2020-11-20 17:36:47'),(25,'M','1998-03-02','Collinsmouth','Cayman Islands','2015-03-10 09:42:46','2020-11-20 17:36:47'),(26,'M','1975-06-09','South Alford','Nicaragua','2014-11-01 18:50:23','2020-11-20 17:36:47'),(27,'M','1974-04-16','Steuberville','Yemen','2019-07-15 03:14:34','2020-11-20 17:36:47'),(28,'M','2008-11-04','Kreigerside','Serbia','2011-09-08 12:50:34','2020-11-20 17:36:47'),(29,'M','1972-06-05','Carmenmouth','Cyprus','2016-08-07 04:12:48','2020-11-20 17:36:47'),(30,'F','2004-12-01','Fadelburgh','Vanuatu','2014-04-07 09:27:42','2020-11-20 17:36:47'),(31,'F','2016-01-03','Port Eliane','Bahamas','2014-01-03 10:36:55','2020-11-20 17:36:47'),(32,'M','1993-05-23','East Jaronborough','Cyprus','2020-10-19 03:34:26','2020-11-20 17:36:47'),(33,'F','1974-12-23','Cummeratabury','China','2011-03-19 00:24:03','2020-11-20 17:36:47'),(34,'F','2015-05-07','Lake Santa','Vanuatu','2018-10-23 06:53:59','2020-11-20 17:36:47'),(35,'F','2005-02-20','Lake Audrey','Saint Vincent and the Grenadines','2018-11-11 11:59:26','2020-11-20 17:36:47'),(36,'F','1999-02-18','Lake Noe','Iran','2018-04-29 02:49:40','2020-11-20 17:36:47'),(37,'F','1972-05-23','North Rhiannaburgh','Burkina Faso','2020-10-30 15:11:40','2020-11-20 17:36:47'),(38,'F','2008-12-08','South Isidrotown','Mauritius','2014-12-24 01:37:39','2020-11-20 17:36:47'),(39,'F','1978-09-05','Stokesfort','Luxembourg','2011-05-25 16:39:43','2020-11-20 17:36:47'),(40,'M','1980-02-02','Wintheiserfort','Saudi Arabia','2019-11-05 22:57:39','2020-11-20 17:36:47'),(41,'M','1990-03-14','East Samarastad','Thailand','2014-10-19 18:23:54','2020-11-20 17:36:47'),(42,'M','1998-11-02','New Armandoside','Bahamas','2018-10-31 03:24:54','2020-11-20 17:36:47'),(43,'F','1974-01-24','Kubborough','Netherlands','2012-11-13 05:16:26','2020-11-20 17:36:47'),(44,'F','1976-04-06','Kautzerchester','Singapore','2014-01-21 02:44:52','2020-11-20 17:36:47'),(45,'M','1979-11-26','Goyettehaven','Nepal','2015-07-16 14:56:05','2020-11-20 17:36:47'),(46,'F','2014-06-25','New Fionahaven','Argentina','2015-07-06 12:17:42','2020-11-20 17:36:47'),(47,'F','2000-10-26','Port Jennie','Uganda','2020-08-02 02:49:10','2020-11-20 17:36:47'),(48,'F','1970-05-05','Runolfsdottirside','Germany','2013-09-26 21:02:38','2020-11-20 17:36:47'),(49,'F','1984-11-21','Veumburgh','Saint Lucia','2017-10-08 08:30:03','2020-11-20 17:36:47'),(50,'M','1977-06-30','Bernierstad','British Virgin Islands','2011-01-10 04:55:03','2020-11-20 17:36:47'),(51,'M','1972-12-07','Miguelmouth','Martinique','2019-07-06 02:28:18','2020-11-20 17:36:47'),(52,'M','1986-11-24','Legrosside','Central African Republic','2014-03-19 10:57:32','2020-11-20 17:36:47'),(53,'F','2015-12-26','South Hester','Bermuda','2010-12-23 17:38:57','2020-11-20 17:36:47'),(54,'F','1981-08-15','Cierraside','India','2014-02-17 08:36:04','2020-11-20 17:36:47'),(55,'M','2002-06-04','West Lavon','Tajikistan','2012-01-13 15:00:56','2020-11-20 17:36:47'),(56,'M','1976-08-11','Phyllisburgh','Portugal','2014-10-01 23:58:30','2020-11-20 17:36:47'),(57,'M','1996-06-02','Lake Annalise','Kenya','2014-11-02 12:32:27','2020-11-20 17:36:47'),(58,'M','1977-12-31','North Robyn','Paraguay','2014-02-07 10:25:52','2020-11-20 17:36:47'),(59,'M','1983-01-08','South Tyrellbury','Belgium','2012-12-16 13:08:50','2020-11-20 17:36:47'),(60,'F','2014-01-05','Harrisstad','Uzbekistan','2011-09-12 12:56:21','2020-11-20 17:36:47'),(61,'M','1993-09-13','Maximoshire','Romania','2019-09-15 20:07:52','2020-11-20 17:36:47'),(62,'F','2017-07-12','Schowalterchester','Burkina Faso','2012-01-08 15:07:15','2020-11-20 17:36:47'),(63,'F','1991-05-25','Jacobsport','San Marino','2015-04-16 02:16:21','2020-11-20 17:36:47'),(64,'F','1971-07-20','Candidaview','Heard Island and McDonald Islands','2014-02-27 17:49:11','2020-11-20 17:36:47'),(65,'M','1987-06-23','Gibsonfurt','Ecuador','2015-10-29 02:07:09','2020-11-20 17:36:47'),(66,'F','1977-11-03','Forrestburgh','Cyprus','2016-06-09 18:44:00','2020-11-20 17:36:47'),(67,'M','1975-01-15','Rayberg','Nepal','2016-06-22 10:51:15','2020-11-20 17:36:47'),(68,'F','1985-03-04','South Daxside','American Samoa','2015-09-03 08:21:22','2020-11-20 17:36:47'),(69,'F','2015-02-26','Toyburgh','Dominican Republic','2015-04-10 00:14:43','2020-11-20 17:36:47'),(70,'M','2018-07-16','Lednerfort','Nepal','2018-02-18 03:11:48','2020-11-20 17:36:47'),(71,'F','1990-12-09','East Lelandstad','Saint Barthelemy','2011-10-22 15:42:48','2020-11-20 17:36:47'),(72,'M','1972-07-12','Hellerbury','Macedonia','2011-08-24 19:33:17','2020-11-20 17:36:47'),(73,'F','1976-09-16','Lake Corine','Canada','2015-01-31 06:21:49','2020-11-20 17:36:47'),(74,'M','2001-12-12','Finnfurt','Comoros','2016-12-07 09:16:45','2020-11-20 17:36:47'),(75,'M','1977-04-12','Larkinbury','Lesotho','2019-10-25 11:38:30','2020-11-20 17:36:47'),(76,'M','1993-01-05','Gordonberg','Tokelau','2017-05-01 08:09:16','2020-11-20 17:36:47'),(77,'F','1998-09-18','Lake Gudrunfurt','Antarctica (the territory South of 60 deg S)','2019-08-23 10:29:23','2020-11-20 17:36:47'),(78,'M','1998-11-05','West Vernieland','Lao People\'s Democratic Republic','2019-01-17 16:35:49','2020-11-20 17:36:47'),(79,'M','1982-08-25','North Osvaldo','Macao','2017-03-02 23:41:50','2020-11-20 17:36:47'),(80,'F','1996-10-15','Melanyburgh','United Kingdom','2020-11-05 07:33:18','2020-11-20 17:36:47'),(81,'F','1983-10-25','Port Annabell','Tokelau','2011-01-08 05:41:31','2020-11-20 17:36:47'),(82,'F','1984-05-05','North Velva','Germany','2012-01-08 03:43:44','2020-11-20 17:36:47'),(83,'M','1978-04-29','Port Wallaceport','Brazil','2014-01-28 11:30:36','2020-11-20 17:36:47'),(84,'F','2000-09-13','Grimeston','Greece','2017-11-30 06:31:22','2020-11-20 17:36:47'),(85,'M','1976-10-09','Lake Gudrunbury','Palestinian Territory','2013-07-06 05:57:45','2020-11-20 17:36:47'),(86,'F','2006-07-17','Kulasberg','Turks and Caicos Islands','2013-04-09 00:46:10','2020-11-20 17:36:47'),(87,'M','1988-08-25','Chaddchester','Marshall Islands','2010-12-04 06:46:46','2020-11-20 17:36:47'),(88,'F','1987-10-27','Vandervortfort','British Indian Ocean Territory (Chagos Archipelago)','2017-07-29 14:39:28','2020-11-20 17:36:47'),(89,'F','1970-01-31','Lillianashire','Samoa','2015-01-16 15:20:26','2020-11-20 17:36:47'),(90,'M','2010-09-08','Myrtistown','Venezuela','2018-02-13 15:54:34','2020-11-20 17:36:47'),(91,'M','1984-05-22','East Caden','French Southern Territories','2013-11-20 10:48:58','2020-11-20 17:36:47'),(92,'F','2015-09-04','West Geovanniville','Kyrgyz Republic','2017-02-10 06:09:10','2020-11-20 17:36:47'),(93,'F','2005-08-03','Michaelaborough','Croatia','2012-07-23 02:34:24','2020-11-20 17:36:47'),(94,'M','2017-10-18','Haneside','Burkina Faso','2012-04-29 05:51:54','2020-11-20 17:36:47'),(95,'M','1984-10-16','East Celestine','Paraguay','2011-03-02 23:13:20','2020-11-20 17:36:47'),(96,'M','2019-06-23','South Bridiemouth','Zambia','2011-12-16 09:11:30','2020-11-20 17:36:47'),(97,'F','2010-06-10','New Kaceyside','Chad','2016-03-14 17:55:04','2020-11-20 17:36:47'),(98,'M','2000-12-13','East Brayanfurt','Aruba','2020-03-12 12:49:50','2020-11-20 17:36:47'),(99,'M','2017-09-25','Whiteland','Ethiopia','2011-11-28 08:15:13','2020-11-20 17:36:47'),(100,'M','2018-10-12','Abshireburgh','Qatar','2012-04-11 16:33:07','2020-11-20 17:36:47');
/*!40000 ALTER TABLE `profiles` ENABLE KEYS */;
UNLOCK TABLES;

--
-- Table structure for table `users`
--

DROP TABLE IF EXISTS `users`;
/*!40101 SET @saved_cs_client     = @@character_set_client */;
/*!50503 SET character_set_client = utf8mb4 */;
CREATE TABLE `users` (
  `id` int unsigned NOT NULL AUTO_INCREMENT COMMENT 'Идентификатор строки',
  `first_name` varchar(100) CHARACTER SET utf8 COLLATE utf8_unicode_ci NOT NULL COMMENT 'Имя пользователя',
  `last_name` varchar(100) CHARACTER SET utf8 COLLATE utf8_unicode_ci NOT NULL COMMENT 'Фамилия пользователя',
  `email` varchar(100) CHARACTER SET utf8 COLLATE utf8_unicode_ci NOT NULL COMMENT 'Почта',
  `phone` varchar(100) CHARACTER SET utf8 COLLATE utf8_unicode_ci NOT NULL COMMENT 'Телефон',
  `created_at` datetime DEFAULT CURRENT_TIMESTAMP COMMENT 'Время создания строки',
  `updated_at` datetime DEFAULT CURRENT_TIMESTAMP ON UPDATE CURRENT_TIMESTAMP COMMENT 'Время обновления строки',
  PRIMARY KEY (`id`),
  UNIQUE KEY `email` (`email`),
  UNIQUE KEY `phone` (`phone`)
) ENGINE=InnoDB AUTO_INCREMENT=101 DEFAULT CHARSET=utf8 COLLATE=utf8_unicode_ci COMMENT='Пользователи';
/*!40101 SET character_set_client = @saved_cs_client */;

--
-- Dumping data for table `users`
--

LOCK TABLES `users` WRITE;
/*!40000 ALTER TABLE `users` DISABLE KEYS */;
INSERT INTO `users` VALUES (1,'Eula','Dare','harber.ephraim@example.net','09120949929','2020-11-10 14:55:04','2020-11-20 17:24:53'),(2,'Kay','Lehner','price.patrick@example.net','734.030.4836x38111','2019-12-28 17:31:01','2020-10-23 20:06:09'),(3,'Guillermo','Olson','nickolas37@example.com','1-498-628-3887','2020-09-12 23:15:43','2020-11-04 14:30:21'),(4,'Hellen','Williamson','joan.aufderhar@example.net','505-799-1714x81909','2020-03-16 05:58:03','2020-10-25 04:22:30'),(5,'Gennaro','Cassin','psipes@example.org','+12(5)2550386785','2020-01-03 09:11:43','2020-11-10 13:21:46'),(6,'Norma','Bogan','kbotsford@example.net','(751)399-8854x17050','2019-11-17 05:59:52','2020-10-31 01:00:32'),(7,'Ashlee','Rosenbaum','carleton41@example.net','689-554-5124x8861','2019-12-02 08:59:40','2020-10-14 19:13:47'),(8,'Alberto','Hane','jschiller@example.org','(334)256-5355','2020-06-22 11:39:00','2020-11-12 17:32:23'),(9,'Lucio','Krajcik','marvin.brett@example.org','(816)343-5540x0037','2020-07-29 04:55:31','2020-10-15 07:46:58'),(10,'Rosalee','Goodwin','carmela.conn@example.com','(194)566-8956x151','2020-10-24 16:46:21','2020-11-01 11:30:05'),(11,'Aimee','Welch','dlakin@example.com','1-174-222-6642','2020-08-08 21:25:19','2020-10-22 13:55:36'),(12,'Cydney','Yost','nparisian@example.org','581.542.7397x85777','2020-02-13 00:10:36','2020-10-21 13:42:17'),(13,'Briana','Erdman','dandre.walsh@example.net','(764)644-7546','2020-05-20 03:00:55','2020-10-19 18:04:09'),(14,'Alex','Terry','witting.ettie@example.org','07100261538','2020-02-06 01:09:46','2020-11-04 06:20:22'),(15,'Rasheed','Harber','umurray@example.com','(664)993-6304x013','2020-08-10 14:25:44','2020-10-28 01:04:00'),(16,'Verla','King','nolan.kay@example.org','233-320-7258','2019-12-07 14:04:50','2020-10-14 11:19:50'),(17,'Madilyn','Konopelski','bhackett@example.org','938-701-3950','2020-06-30 21:19:57','2020-10-15 12:58:45'),(18,'Danielle','Weissnat','hosea.hudson@example.com','040-653-6053','2020-04-19 13:03:10','2020-11-10 16:28:06'),(19,'Judah','Jenkins','howell.joshuah@example.net','634-497-2614x235','2020-08-15 10:00:52','2020-10-24 15:54:24'),(20,'Imogene','Kerluke','muller.ariel@example.org','(773)955-0466','2020-04-30 04:56:38','2020-11-02 00:41:56'),(21,'Leanne','Bergstrom','bernhard.francesca@example.org','(956)540-7510','2020-08-22 21:25:17','2020-11-06 07:02:38'),(22,'Deborah','Schultz','roger.sanford@example.net','940-191-4660','2020-07-06 10:37:20','2020-10-21 10:29:53'),(23,'Roxane','Mraz','alaina.torp@example.com','405-995-1291x43883','2020-02-03 10:14:26','2020-10-17 23:22:25'),(24,'May','Streich','marjory.koss@example.com','1-376-189-7827','2020-07-18 14:15:16','2020-11-04 20:04:57'),(25,'Mckenzie','D\'Amore','kris.tomasa@example.org','(266)335-4875','2019-12-29 16:52:25','2020-10-20 04:32:50'),(26,'Stacy','Wuckert','iconn@example.org','(639)283-5568x8094','2020-02-02 09:17:50','2020-11-10 00:35:37'),(27,'Edgardo','Greenholt','teagan.bashirian@example.org','01266881389','2020-06-23 13:33:10','2020-11-12 21:11:49'),(28,'Lilyan','Monahan','ywindler@example.com','186-933-8364x485','2020-02-07 22:36:53','2020-10-22 12:52:56'),(29,'Morgan','Bogisich','daniel.allie@example.net','505-540-1886x43548','2020-07-15 04:00:52','2020-11-13 02:51:08'),(30,'Krystel','Turner','lsmith@example.net','1-995-494-4590','2019-11-15 11:20:01','2020-11-11 13:10:34'),(31,'Perry','Bailey','turcotte.mortimer@example.org','09439592815','2019-12-01 18:30:53','2020-10-16 07:18:49'),(32,'Addie','Turner','louie.prosacco@example.org','+68(5)1386633931','2020-11-12 23:51:31','2020-11-20 17:24:53'),(33,'Stanley','Klein','zrosenbaum@example.com','178-617-8328','2020-02-02 19:56:45','2020-10-28 19:28:38'),(34,'Elna','Larkin','goyette.nyah@example.org','1-363-347-5766x1093','2019-12-08 19:48:04','2020-10-28 10:38:29'),(35,'Lavonne','Kautzer','cindy.hackett@example.org','1-722-010-6842','2020-10-29 18:23:34','2020-10-31 21:50:24'),(36,'Rachael','Bergnaum','langosh.fanny@example.net','(696)937-9270x607','2020-05-12 14:21:50','2020-11-04 03:22:37'),(37,'Jude','Kiehn','stokes.alex@example.com','897-676-2430x59405','2020-04-28 19:48:27','2020-11-11 11:05:04'),(38,'Marilyne','O\'Connell','patricia45@example.org','716.213.7575x2207','2020-04-27 23:06:54','2020-11-03 12:59:45'),(39,'Ana','Harber','uschowalter@example.net','(547)593-1807','2019-11-17 09:19:49','2020-11-05 10:12:50'),(40,'Brigitte','Hermiston','wlangworth@example.com','531.412.9059','2020-10-10 19:50:21','2020-11-03 16:32:23'),(41,'Bertha','Lueilwitz','jannie.keeling@example.com','151.638.1852x706','2020-01-04 01:44:15','2020-11-02 11:41:25'),(42,'Hazle','Waelchi','losinski@example.org','(843)510-1341','2020-08-27 03:09:28','2020-10-14 20:08:03'),(43,'Birdie','Schuppe','brant.mayer@example.org','(061)942-6475x626','2020-04-23 18:03:04','2020-10-15 06:37:56'),(44,'Joyce','Boyle','njenkins@example.org','290-089-1882','2020-10-23 15:56:01','2020-11-06 09:05:17'),(45,'Brett','Skiles','cullen67@example.org','1-311-031-9337x822','2019-12-06 09:12:23','2020-10-21 11:14:50'),(46,'Madyson','Brakus','era42@example.net','(806)722-7906','2019-11-17 19:57:50','2020-11-01 19:32:28'),(47,'Jayden','Gleason','waelchi.ollie@example.org','016.262.8655x5276','2020-04-18 13:20:04','2020-10-18 17:20:22'),(48,'Jerald','Christiansen','vsawayn@example.org','1-412-799-0493','2020-05-19 16:17:25','2020-11-13 11:29:22'),(49,'Shaun','Trantow','brent41@example.org','142-233-5981x25897','2020-03-09 15:49:29','2020-10-15 02:58:03'),(50,'Alison','Beier','abdiel.steuber@example.net','(586)492-5278x782','2019-11-30 10:30:39','2020-10-15 01:56:42'),(51,'Moriah','Johnston','brunte@example.net','(095)009-7372x3119','2020-09-20 11:51:33','2020-10-19 01:20:37'),(52,'Donato','Rath','chilpert@example.net','932-808-7214x70463','2020-06-04 16:06:05','2020-10-30 15:02:48'),(53,'Donato','Osinski','senger.casey@example.net','(763)925-1122x111','2020-05-27 05:55:14','2020-10-31 18:13:02'),(54,'Robbie','O\'Connell','karianne79@example.com','214.377.6856x27020','2020-09-09 13:53:42','2020-10-27 14:11:52'),(55,'Angie','Heathcote','pwindler@example.com','1-862-744-8432x32229','2020-04-30 08:06:26','2020-11-05 22:57:18'),(56,'Princess','Emmerich','o\'connell.oswaldo@example.net','(640)489-4315','2020-02-12 04:13:45','2020-10-13 20:44:06'),(57,'Maverick','Runolfsson','qschumm@example.com','(998)220-3060x1818','2019-11-15 22:04:17','2020-10-31 13:14:23'),(58,'Madison','Larkin','king.jan@example.org','360.266.7715','2020-01-19 20:11:31','2020-11-08 19:13:31'),(59,'Dolores','Runolfsdottir','fay48@example.net','166-978-5120x081','2020-02-03 07:16:14','2020-10-23 15:24:24'),(60,'Matilde','Hilll','kiehn.carolyne@example.org','1-823-773-1112x9063','2020-03-26 02:36:21','2020-11-07 07:18:27'),(61,'Manuel','Bashirian','adams.zachery@example.com','1-768-790-1909x387','2019-11-16 06:29:35','2020-10-28 23:54:47'),(62,'Lucile','Cole','pstreich@example.org','(570)830-2727x937','2020-06-14 19:25:22','2020-11-10 14:43:31'),(63,'Daniella','McClure','hegmann.cordie@example.org','728.996.6819','2020-02-11 17:37:44','2020-10-21 18:16:48'),(64,'Mireya','McLaughlin','gkozey@example.org','1-121-007-8575x050','2020-05-27 04:52:11','2020-10-29 03:38:11'),(65,'Olin','Lesch','abbott.garnet@example.org','479.973.7937x098','2020-10-09 22:12:42','2020-10-21 12:04:29'),(66,'Gerard','Walker','jayce41@example.net','(640)414-3558','2020-07-18 08:59:08','2020-11-08 08:10:44'),(67,'Tevin','Langosh','taylor.barton@example.net','1-198-181-9846x03067','2019-12-10 21:00:33','2020-10-28 05:11:33'),(68,'Cordia','Schuppe','gilbert13@example.com','595-420-7913','2020-06-17 07:59:50','2020-11-13 10:09:48'),(69,'Aubree','Heathcote','nstark@example.net','885-127-2662x1859','2020-11-04 23:54:28','2020-11-20 17:24:53'),(70,'Carolyn','Gutmann','alysha.blick@example.net','1-535-762-1504x972','2020-10-16 09:11:00','2020-11-02 04:12:41'),(71,'Shayna','Dooley','streich.della@example.net','(167)532-7756x35546','2020-06-23 00:48:24','2020-11-10 11:11:50'),(72,'Roel','Rolfson','alvera12@example.org','1-588-296-7975x610','2020-02-11 12:51:35','2020-11-03 12:21:16'),(73,'Adella','Reichel','marlon.howell@example.org','(301)658-4416','2020-04-06 21:07:03','2020-11-01 14:48:07'),(74,'Elmo','Heathcote','zrenner@example.org','735-482-3394x221','2020-08-08 22:32:36','2020-10-25 08:29:05'),(75,'Vivianne','Price','wallace56@example.net','+67(9)4259040599','2020-10-28 09:27:42','2020-11-08 23:51:36'),(76,'Haylee','Nolan','marjolaine76@example.org','315.126.4224','2020-03-11 08:57:11','2020-10-23 04:36:18'),(77,'Tremayne','Schroeder','dwalter@example.com','100-559-2333','2019-11-20 20:13:05','2020-11-09 11:42:49'),(78,'Libbie','Christiansen','aschumm@example.com','487-748-8063','2020-08-15 20:55:45','2020-11-02 08:53:06'),(79,'Myron','Gutkowski','schroeder.annabelle@example.com','1-793-979-8721','2019-11-23 07:29:48','2020-10-17 19:25:39'),(80,'Gerhard','Lehner','sunny.kutch@example.org','171-653-5329','2020-10-21 15:09:40','2020-11-12 21:03:27'),(81,'Gerda','Cassin','amani18@example.com','1-763-295-6008x33169','2020-11-10 03:15:41','2020-11-20 17:24:53'),(82,'Glenna','Eichmann','uschroeder@example.net','1-086-839-1509x109','2020-01-28 19:24:02','2020-10-16 20:14:36'),(83,'Gussie','Rutherford','torp.sibyl@example.org','374.699.3377','2020-11-03 13:56:00','2020-11-20 17:24:53'),(84,'Tamara','Reilly','xsatterfield@example.org','409-709-5553x576','2020-05-03 21:43:52','2020-10-23 02:45:12'),(85,'Larissa','Schaden','layne.o\'keefe@example.org','1-465-325-7846','2020-06-14 15:31:37','2020-11-05 10:25:32'),(86,'Lon','Bauch','tommie77@example.com','1-542-603-1291x621','2020-07-09 06:49:50','2020-11-04 08:44:04'),(87,'Earnestine','Cremin','trycia68@example.net','1-074-640-8233','2019-12-01 21:58:34','2020-10-15 01:07:59'),(88,'Wilson','Runolfsson','taurean17@example.org','591-253-9003','2020-02-14 19:54:43','2020-10-21 18:50:38'),(89,'Enid','Corwin','qdonnelly@example.net','416.247.5375x67984','2020-08-21 18:11:04','2020-10-14 21:26:48'),(90,'Zola','Rosenbaum','mallie.runte@example.com','291-385-5020','2020-03-17 00:19:59','2020-11-05 23:48:01'),(91,'Steve','Cremin','nterry@example.net','(205)321-1544x144','2019-12-15 12:21:00','2020-10-31 12:53:09'),(92,'Lenora','Erdman','merlin53@example.org','(994)788-0967x6782','2020-09-01 18:52:32','2020-10-20 03:35:11'),(93,'Maia','Fisher','corrine.ratke@example.net','(977)538-9108','2020-01-26 22:58:27','2020-10-29 03:49:09'),(94,'Bethany','O\'Connell','heller.freeman@example.com','(784)354-3039x31838','2020-02-20 19:04:56','2020-10-22 10:29:20'),(95,'Glenna','Sipes','rstark@example.org','1-150-891-0095x59894','2020-03-10 10:32:11','2020-10-29 23:35:46'),(96,'Desmond','Gleason','abigale79@example.org','1-048-468-5534x315','2020-01-22 22:17:09','2020-11-09 17:45:10'),(97,'Tatyana','Carter','lyric09@example.com','(361)004-6817','2020-11-01 00:20:12','2020-11-20 17:24:53'),(98,'Will','Sanford','madisen.hammes@example.com','459.343.1093','2020-04-09 21:28:02','2020-10-13 22:18:56'),(99,'Jeremy','Waters','amara.corkery@example.com','07403409621','2020-11-04 20:12:21','2020-11-12 22:14:06'),(100,'Jackson','Crist','ratke.hassan@example.org','1-222-705-8766','2020-03-08 13:25:02','2020-10-23 22:57:06');
/*!40000 ALTER TABLE `users` ENABLE KEYS */;
UNLOCK TABLES;
/*!40103 SET TIME_ZONE=@OLD_TIME_ZONE */;

/*!40101 SET SQL_MODE=@OLD_SQL_MODE */;
/*!40014 SET FOREIGN_KEY_CHECKS=@OLD_FOREIGN_KEY_CHECKS */;
/*!40014 SET UNIQUE_CHECKS=@OLD_UNIQUE_CHECKS */;
/*!40101 SET CHARACTER_SET_CLIENT=@OLD_CHARACTER_SET_CLIENT */;
/*!40101 SET CHARACTER_SET_RESULTS=@OLD_CHARACTER_SET_RESULTS */;
/*!40101 SET COLLATION_CONNECTION=@OLD_COLLATION_CONNECTION */;
/*!40111 SET SQL_NOTES=@OLD_SQL_NOTES */;

-- Dump completed on 2020-11-20 18:01:42
